doc_id,thesis_type,dim1,dim2
HEI_000575--000001_410206,Master/Other,-0.18823657680225458,-0.09231809146514458
HEI_000466--000010_410301,Master/Other,-0.18432830392721486,-0.08536744318617812
HEI_000537--000008_410301,PhD,-0.1936068263531071,-0.11516134654537992
HEI_000513--000004_411209,Master/Other,0.0793818379066726,-0.6656115844549187
HEI_000439--000005_410206,Master/Other,-0.22172281907897293,-0.044411456929885046
HEI_000322--000003_410206,Master/Other,-0.20953264886668677,-0.13405448078386278
HEI_000383--000002_410206,Master/Other,-2.693892109261544,-3.93244203142847
HEI_000462--000011_411209,Master/Other,-0.23483672456685295,-0.19711582071336653
HEI_000533--000009_411209,Master/Other,-0.20568334712730138,-0.109808032800399
HEI_000508--000003_411209,Master/Other,-0.2779222668457977,-0.13597792175190107
HEI_000483--000003_410206,Master/Other,1.3956686323161451,2.2607908893348148
HEI_000501--000002_411209,Master/Other,1.6790581686443848,4.1797023907825706
HEI_000348--000002_410206,Master/Other,-0.13089968917021685,-0.12049620129032862
HEI_000386--000007_411209,Master/Other,-0.23335116213952453,-0.16861082361321383
HEI_000382--000006_410301,Master/Other,-0.22378387933580482,-0.1239266359365266
IHEID_000712--000001_411209,PhD,0.1297583373839675,0.12600588358904058
HEI_000482--000007_411209,Master/Other,-0.20106433059070752,-0.10443076151013961
HEI_000509--000007_410206,Master/Other,-0.24581795702275128,-0.19168666048733812
HEI_000349--000006_411209,Master/Other,0.930642649770703,0.2709313815530682
HEI_000517--000005_411209,Master/Other,-0.41112459385175526,-0.1317566753954654
HEI_000495--000004_410206,Master/Other,-1.7767732952835869,-1.1757855086133224
HEI_000331--000001_411209,Master/Other,-0.5100394597849421,-0.2549752556550249
HEI_000636--000002_410206,PhD,0.16199342126826544,-0.05202395980182265
HEI_000562--000002_410301,Master/Other,-0.1851046476845765,-0.09250149733527285
HEI_000401--000011_410301,Master/Other,-0.13006163134546758,0.1849461403206921
IHEID_000694--000001_410206,PhD,-0.19580609639820984,-0.08905017129092399
HEI_000362--000010_410301,Master/Other,-0.23646099318291347,-0.10865033300774028
HEI_000438--000001_411209,Master/Other,-0.17276006268800828,-0.12828686074553605
HEI_000505--000003_411209,Master/Other,0.10263811337455897,0.16986315000357294
IHEID_000701--000003_410206,PhD,-0.11258603246277038,-0.045458575633637595
HEI_000366--000011_411209,Master/Other,-0.20333641725132867,-0.07595929776382336
HEI_000435--000001_410301,Master/Other,-0.22709388543720896,-0.20906334534998516
HEI_000563--000006_410206,Master/Other,-0.2462837639327058,-0.26928183241619913
HEI_000440--000006_411209,Master/Other,-0.30751088569269813,-0.1916681630486314
HEI_000405--000010_411209,Master/Other,-0.30010740904113925,-0.18272227459560503
HEI_000449--000007_411209,Master/Other,-0.20865841718126402,-0.09481399107604332
HEI_000566--000004_410206,PhD,-0.19140248228135828,-0.08749618217023053
HEI_000363--000013_411209,Master/Other,-0.21391243903516327,-0.09804904746930386
HEI_000500--000001_411209,Master/Other,-0.20824308112141346,-0.15524475071751173
HEI_000468--000009_410301,Master/Other,-0.1946456648597917,-0.08715624200401477
HEI_000400--000012_411209,Master/Other,-0.28503286380003173,-0.2874838889536804
HEI_000680--000007_410206,PhD,0.22831840196566422,1.8681229487453834
HEI_000465--000009_411209,Master/Other,-0.20454782735746202,-0.09265812973206553
HEI_000374--000010_410206,Master/Other,-0.19225937010959082,-0.07925943284060596
HEI_000517--000002_410206,Master/Other,-0.18406756828147386,-0.09559760076032915
HEI_000495--000003_411209,Master/Other,-0.2228494432557465,-0.15335565300960569
HEI_000448--000004_410301,Master/Other,-0.20642218733170947,-0.09725670664323569
HEI_000390--000007_410206,Master/Other,3.0313087195097195,2.700533201270795
HEI_000452--000007_410206,Master/Other,-0.22897082242300895,-0.001197065823598999
HEI_000367--000012_410301,Master/Other,-0.0759340253576768,0.14046397926152696
HEI_000371--000015_411209,Master/Other,-0.3601059889671626,-0.10048385487330677
HEI_000681--000003_410301,PhD,4.470763093986018,-0.20542020945879733
HEI_000406--000009_411209,Master/Other,3.0110003661697244,1.104967642257731
HEI_000688--000002_410301,PhD,-0.20275898191011604,-0.0881672369345298
HEI_000395--000002_411209,Master/Other,2.789210143237704,1.1464456762495696
HEI_000692--000001_410206,PhD,-0.19494581113336745,-0.08697274499291593
HEI_000525--000009_410206,Master/Other,-0.1969743219860341,-0.08973593840670868
HEI_000620--000002_410301,PhD,0.1322100617077648,-0.011800959725724019
HEI_000563--000001_411209,PhD,-0.19439101170081743,-0.12283918476265811
HEI_000398--000002_410301,Master/Other,-0.13853526383759807,-0.006428807269702088
HEI_000345--000005_411209,Master/Other,-0.5256101687908818,-0.8375973863256831
HEI_000624--000003_411209,PhD,-0.08289954384998888,-0.5187360772831723
HEI_000453--000003_410301,Master/Other,2.386298667707838,1.1434083944574873
HEI_000344--000008_411210,Master/Other,1.596844157486197,0.6163350412743929
HEI_000440--000001_410206,Master/Other,-0.08023804783400922,-0.06183506167354215
HEI_000402--000008_410301,Master/Other,-0.687064830420291,-0.14404383845567134
HEI_000386--000012_AU2AC01037,Master/Other,-0.24890241085947512,-0.03831881750280319
HEI_000491--000002_411209,Master/Other,-2.4612299216598736,-1.0910956550595587
HEI_000379--000010_410206,Master/Other,-0.15564992329090468,-0.055268360604946845
HEI_000335--000007_410206,Master/Other,1.846527880398501,-1.020659168058946
IHEID_000717--000003_411209,PhD,-0.190940958081107,0.10869565760343315
HEI_000370--000011_410206,Master/Other,-0.17763539570394923,-0.07890022894339095
HEI_000498--000003_411209,Master/Other,-0.13877523711834036,-0.0957748659148361
HEI_000445--000004_410301,Master/Other,-0.20079401406882288,-0.0838075239663228
HEI_000632--000004_411209,PhD,-0.31506041879997915,-0.21232593549524412
HEI_000387--000004_410301,Master/Other,-0.2032035497865966,-0.08922582909471866
HEI_000469--000004_411210,Master/Other,3.258009729572851,-0.08159668916560558
HEI_000647--000003_410301,PhD,-0.7681833802736393,-0.4091674074412039
HEI_000456--000006_410206,Master/Other,-0.14475153133895927,-0.19835845552709888
HEI_000344--000001_410206,Master/Other,0.40734133117446264,0.15569035225216737
HEI_000486--000001_410206,Master/Other,0.15765120553105275,-0.7651755427751238
IUED_000264--001623_410206,PhD,0.8410690305548142,0.33987656423136176
HEI_000383--000005_411209,Master/Other,3.954574098466662,-1.6328973842288885
HEI_000341--000004_411209,Master/Other,-0.1973424002177825,-0.09024428580603176
HEI_000501--000005_410206,Master/Other,-0.19239102117043383,-0.09276446924090828
HEI_000327--000001_410206,Master/Other,0.43298131924938493,-0.3580720336452055
IHEID_000705--000005_411209,PhD,-0.1961734239998377,-0.08881778055544945
HEI_000629--000003_411209,PhD,-0.24850056009163682,-0.18805574120528576
HEI_000457--000002_410301,Master/Other,-0.2218502125370331,-0.038313853997840694
HEI_000378--000014_410301,Master/Other,-0.18980723774239736,-0.08148971895102831
HEI_000330--000002_411209,Master/Other,-0.21386871310365116,-0.10106475305292881
HEI_000375--000014_411209,Master/Other,-0.06915591414292722,0.17911476159606637
HEI_000339--000003_411209,Master/Other,-1.3654121228148428,-0.645203349023887
HEI_000463--000012_410301,Master/Other,-0.19135161063851666,-0.07770186668669476
HEI_000391--000003_411209,Master/Other,-2.78439238097672,4.870041092560224
HEI_000528--000009_410206,PhD,-0.17608253479461988,-0.08409603279113217
HEI_000403--000005_411210,Master/Other,-0.1020207710239748,-0.04559712258603994
IHEID_000697--000003_410301,PhD,-0.2228733550472309,0.3165311033879876
HEI_000480--000001_411209,Master/Other,-1.2594911127259287,0.5314413988110996
HEI_000361--000012_410206,Master/Other,-0.6010569085643979,-0.7140326038393727
HEI_000357--000011_411210,Master/Other,2.847753758592588,1.1439421923431052
HEI_000342--000001_411209,Master/Other,-0.1322277081923955,-0.027215740990890417
HEI_000544--000008_411209,PhD,-0.7891257611004913,-0.21502237146352549
HEI_000560--000004_410301,PhD,-0.17671664179242713,-0.02794737610681783
HEI_000652--000001_411209,PhD,-0.1556882641475375,-0.04011260829654344
HEI_000467--000008_410206,Master/Other,2.3106565729226114,4.443171275563106
HEI_000455--000003_410206,Master/Other,-0.18150749779679648,-0.03476687704487991
HEI_000503--000004_410301,Master/Other,-0.20010853378393914,-0.08733004990111765
HEI_000527--000008_411209,Master/Other,-0.1943659811345244,-0.07111750174320973
HEI_000476--000010_411209,Master/Other,-0.19230377087387962,-0.08644635308180491
HEI_000433--000006_411209,Master/Other,-0.8445209944933467,-1.6369107851320728
HEI_000576--000003_411209,Master/Other,-0.20412358880031406,-0.09497903478688334
HEI_000336--000002_410206,Master/Other,-0.2913892707043234,-0.06216851688079418
IHEID_000703--000005_410206,PhD,-0.36573057732586123,-0.1928888176156959
HEI_000404--000001_411210,Master/Other,-0.19658074876228163,-0.11039315734834347
HEI_000564--000005_410301,Master/Other,-0.19576449052647865,-0.10016206305049768
HEI_000358--000002_410206,Master/Other,-0.19943625285028094,-0.09220411758047097
HEI_000518--000003_411209,Master/Other,-0.21596535474519937,-0.11844013172572863
HEI_000511--000002_411209,Master/Other,-0.15700147524018473,-0.008279963233824345
IHEID_000715--000002_410206,PhD,-0.20870505539289297,-0.15024258969209042
IUED_000262--001614_410301,PhD,0.21380773681235288,0.28131836269983873
HEI_000381--000004_410206,Master/Other,-1.1377001636856507,-0.5319135945733968
HEI_000388--000005_410206,Master/Other,-0.46757085899899165,-0.5937458754330779
HEI_000365--000013_410206,Master/Other,-0.24083107219966282,-0.1010201167562617
IUED_000270--001706_410301,PhD,-0.19364744181559662,-0.0846937047018322
HEI_000641--000003_410206,PhD,-0.32109016322382355,0.29609237851981
HEI_000384--000001_411209,Master/Other,-0.1935749928107383,-0.09167488860416405
HEI_000631--000001_410301,PhD,-0.10346877138186078,-0.19081311775946191
HEI_000446--000001_411209,Master/Other,-0.2053301844336396,-0.12810409418079818
HEI_000343--000005_410206,Master/Other,-0.18354109303317473,-0.08751943116116921
HEI_000507--000005_410301,Master/Other,-0.22111357105567575,-0.15650624947615627
HEI_000451--000002_410206,Master/Other,-0.16154652316953866,-0.09454599438422316
HEI_000437--000007_411209,Master/Other,-0.20578470556243456,-0.10347293015202258
HEIBR_010035_411209,Master/Other,-0.1902722928303937,-0.07307487971058113
HEI_000350--000009_411210,Master/Other,-0.15913758845402745,-0.07016596196772881
HEI_000639--000003_411209,PhD,-0.22627877999267568,-0.15386148210098569
HEI_000493--000004_411209,Master/Other,-3.3538971373093265,5.724000603106691
HEI_000497--000005_410301,Master/Other,-0.5340835512517151,4.451445035668686
HEI_000349--000001_AU2AC01037,Master/Other,-0.16896598483378122,-0.10675061726280363
HEI_000460--000010_410206,Master/Other,-0.22336298231587237,-0.09943961342540499
HEI_000371--000009_411209,Master/Other,-0.3286584215177324,-0.1930500867216284
HEI_000560--000003_410206,PhD,-0.1977964767442478,-0.10386049844709216
HEI_000346--000007_410206,Master/Other,-0.36199752650536515,-0.16063111384808568
HEI_000506--000006_411209,Master/Other,-1.8041513083378764,2.0629385705823466
HEI_000373--000013_410301,Master/Other,-0.18557547028442098,-0.05962980303489632
HEI_000446--000006_410206,Master/Other,-0.1922979982144758,-0.0862263413659031
HEI_000336--000005_410301,Master/Other,-0.18540793900911637,-0.0705609499175206
HEI_000384--000006_410206,Master/Other,-0.21573389835263732,0.032882511959409964
HEI_000343--000002_411209,Master/Other,-0.28655948529452047,0.07915516830492153
IHEID_000707--000003_411209,PhD,-0.20184236772890193,-0.0620099116363217
HEI_000488--000003_411209,Master/Other,-0.16708942130446203,0.32614393793766994
HEIBR_008560_410206,Master/Other,-0.1549763894297359,-0.06799716436029327
HEI_000393--000005_411209,Master/Other,-0.21583405039003326,-0.11705173342009327
HEI_000451--000005_411209,Master/Other,-1.0937777311449488,-0.20848029811587152
HEI_000458--000004_411209,Master/Other,-0.21366667530569702,0.0017165744398762355
HEI_000332--000004_411209,Master/Other,-0.16455021879327927,-0.1790365325184829
HEI_000496--000001_410206,Master/Other,-0.2045396300754371,-0.12730661191040563
IHEID_000719--000001_410206,PhD,-0.18167334643039773,-0.03610827143969432
HEI_000377--000012_411209,Master/Other,-0.20655806345496963,-0.10808623208879979
HEI_000653--000002_411209,PhD,-0.21473494533651655,-0.11854327073451905
HEI_000354--000001_410206,Master/Other,-0.2666032026968646,-0.12634939049398033
HEI_000687--000004_410301,PhD,-0.19364886890308916,-0.08339115869207432
HEI_000402--000014_411209,Master/Other,-0.2010533494050596,-0.10947609868942891
HEI_000535--000009_410206,PhD,-0.19952826495658993,-0.10579937225599528
HEI_000630--000002_410301,PhD,-0.19575844524602554,-0.11895155834696772
HEI_000447--000002_411209,Master/Other,-0.19651702497618873,-0.09049850327029683
HEI_000399--000013_411210,Master/Other,2.036214742917452,0.819281681677712
HEI_000385--000002_411209,Master/Other,-0.1895555395916277,-0.25723800804213787
HEI_000682--000001_410206,PhD,-0.1951731757601768,-0.08233468173992343
HEI_000464--000011_410206,Master/Other,-0.16433340848862654,-0.13405438842453354
HEI_000691--000003_410301,PhD,-0.8696451904276048,1.1999391889851436
HEI_000432--000005_410301,Master/Other,-0.2335677679459425,-0.13969984574885685
HEI_000489--000007_410206,Master/Other,-0.2100792840520482,-0.09043146837715388
HEI_000480--000006_410206,Master/Other,-0.1394608948875931,-0.16876531810079307
HEI_000502--000007_411209,Master/Other,-0.1928207689371219,-0.06782754529956816
HEI_000324--000003_411209,Master/Other,-0.09393422190723184,-0.10085783277356296
HEI_000436--000004_411209,Master/Other,-0.07569937262112993,-0.08631593495882925
HEI_000392--000001_410206,Master/Other,-0.1429243228998466,0.1542548879698431
HEI_000473--000012_411209,Master/Other,-0.23917152053518984,-0.1874978673852978
HEI_000329--000003_410301,Master/Other,-0.21144220112204953,-0.12795139272645556
HEI_000376--000016_410206,Master/Other,3.3242128878579127,0.5706681755210219
HEI_000443--000003_410301,Master/Other,-0.19722398436573296,-0.09175135814931255
HEI_000634--000003_411209,PhD,-0.10342591060944514,-0.1614111459978078
HEI_000515--000004_410206,Master/Other,3.3214776744166374,-0.5213914945680223
HEI_000355--000005_411209,Master/Other,-0.3383924995024013,-0.12609178476962046
HEI_000573--000001_411209,PhD,4.808585508267875,-1.2125760407352835
HEI_000378--000008_410301,Master/Other,0.3438506166833612,0.5624807384539667
HEI_000397--000004_411209,Master/Other,0.7127044710408345,0.3105147004996665
HEI_000478--000009_410301,Master/Other,-0.17190419316555863,-0.062487029091012225
HEI_000455--000004_411209,Master/Other,-0.23066788454091497,-0.06634225393369923
IUED_000263--001620_410301,PhD,-0.5821888397008851,-1.6708770117826963
HEI_000510--000001_411209,Master/Other,-0.13395872604864678,-0.03356798911379306
HEI_000359--000001_410206,Master/Other,-0.19655989780040806,-0.09087230214582538
HEI_000389--000006_410206,Master/Other,-0.2151780806286247,-0.08709974315284987
HEI_000347--000003_411209,Master/Other,-0.225814049756907,-0.04577263564277291
HEI_000364--000010_410206,Master/Other,1.4655956107891828,2.2971561085367362
HEI_000485--000003_411209,Master/Other,-0.18193031666242926,-0.04658926264664171
HEI_000468--000004_411209,Master/Other,-0.19764676908637627,-0.08690094171889338
HEI_000461--000005_411209,Master/Other,-0.19428399239065194,-0.08909608423603863
HEI_000585--000001_411209,PhD,3.095232541806165,2.7263906529882465
HEI_000364--000001_410206,Master/Other,-0.20671200845399007,-0.0927133064651842
HEI_000520--000001_410301,Master/Other,-0.15628572104378366,-0.07980028389433164
HEI_000533--000003_410206,PhD,-0.34003819568480187,0.49619151254190386
HEI_000359--000010_410206,Master/Other,-0.1659888345376652,0.09962568204589771
HEI_000448--000009_411209,Master/Other,-0.20967097562591314,-0.0935324618183951
HEI_000373--000002_411209,Master/Other,-0.1936217301431936,-0.1045062909081881
HEI_000555--000006_411209,Master/Other,-0.19461224532563606,-0.08300671851001162
HEI_000588--000001_410301,Master/Other,-0.2695351050545034,-0.1648299912407763
HEI_000510--000010_411209,Master/Other,-0.19328411583089966,-0.08530242983110044
HEI_000383--000008_411209,Master/Other,-0.31763413912472205,4.160942542965503
HEI_000501--000008_410206,Master/Other,-0.1606411363054805,0.05502324791953795
HEI_000392--000010_410206,Master/Other,-3.4461807574013994,2.709139866575563
HEI_000319--000003_411209,Master/Other,-0.18252568507309277,-0.0683961490046555
HEI_000617--000001_410206,Master/Other,0.6981626791810234,-0.9065466016126817
HEI_000536--000006_411209,PhD,-0.6106276456235902,0.5862757152519754
HEI_000376--000007_410206,Master/Other,-0.34632276672051765,-0.012557857598358278
HEI_000671--000004_411209,PhD,4.247107710530139,-2.0778329137449516
HEI_000406--000004_410301,Master/Other,-2.556449289630483,4.426920022733293
HEI_000385--000013_411209,Master/Other,-0.17914003628770225,0.04883941574327787
HEI_000361--000004_411209,Master/Other,-0.20812043214634438,-0.058929251242405056
HEI_000403--000008_411210,Master/Other,-0.1810938735387065,-0.12450802608725736
HEI_000477--000002_410301,Master/Other,-0.1755583969548624,-0.0759562690868606
HEI_000528--000004_410206,PhD,-0.12370308224733811,-0.09380058213084055
HEI_000600--000002_411209,Master/Other,-0.16335368488813776,-0.26932004391826847
HEI_000445--000009_411209,Master/Other,-0.18974495992985815,-0.08677375223380683
HEI_000558--000006_411209,PhD,-0.23152839118715737,-0.1892826071820211
HEI_000496--000010_410206,Master/Other,-0.14272018420912447,1.2033053508943374
HEI_000679--000001_410206,PhD,-0.21051911516416674,-0.11533223014704846
HEI_000465--000004_411209,Master/Other,-0.1966813205722086,-0.06781557946521492
HEI_000667--000003_411209,PhD,-0.31365286440735696,-0.3141894827835748
HEI_000546--000004_410206,Master/Other,-0.18693375114742625,-0.07664909631963038
HEI_000397--000015_410301,Master/Other,0.741387062921736,5.850115204360771
HEI_000460--000001_410206,Master/Other,-1.190079191131881,-1.079414995407093
HEI_000388--000013_411209,Master/Other,-0.20141279195199735,-0.0733507556412968
HEI_000543--000001_411209,Master/Other,-0.1834709045172733,-0.03902172506604034
HEI_000345--000008_411209,Master/Other,-0.036138840301121994,-0.5424761417093455
HEI_000396--000011_410206,Master/Other,-0.14667951737525928,-0.04740848155611046
HEI_000432--000014_411209,Master/Other,-0.16080388841654714,-0.07269075434066741
HEI_000609--000003_410301,PhD,-0.08374419046291089,0.15650024996862943
HEI_000487--000008_411209,Master/Other,0.05773147531694281,-0.2217380741946508
HEI_000344--000005_411210,Master/Other,-0.18924384105135347,-0.06555815788899998
HEI_000402--000005_410301,Master/Other,-0.18917977500590122,-0.6162768373137361
HEI_000554--000002_410206,PhD,-0.21687356123410007,-0.13599276000001798
HEI_000372--000006_410206,Master/Other,-0.17867658250015922,-0.054785533590421126
HEI_000393--000013_410206,Master/Other,-0.8191846567871444,-0.5161352435303502
HEI_000596--000004_411209,Master/Other,-0.08170908595126374,0.18196913942869028
HEI_000542--000002_410301,Master/Other,-0.2060249088248768,-0.09705944363475016
HEI_000377--000004_410206,Master/Other,-0.9328410682362004,-0.8831152191912349
HEI_000442--000011_410301,Master/Other,-0.2081477139000834,-0.019715161916602993
HEI_000407--000007_410301,Master/Other,0.8834029651174377,-2.8483509859968255
HEI_000616--000002_410206,PhD,-0.0388452204876672,0.07896378372321135
HEI_000523--000009_AU2AC01233,Master/Other,-0.1808611628730407,-0.026950413504312567
HEI_000495--000009_410206,Master/Other,-0.18782334438418846,-0.02304241254287446
HEI_000517--000008_411209,Master/Other,-0.21019630476918352,-0.11762784735609307
HEI_000360--000007_411209,Master/Other,-0.19969945984941884,-0.09947311191717403
HEI_000550--000004_410301,PhD,-0.2611815581828356,-0.1687169227709672
IHEID_000732--000001_410301,PhD,-0.20094301024839983,-0.12726905344859876
HEI_000365--000002_410206,Master/Other,2.3495119537377076,2.760934923604795
HEI_000543--000006_410206,PhD,-0.24328581763182308,-0.2597604938269214
HEI_000662--000001_411209,PhD,-1.7074823014909952,2.8596445932397008
HEI_000521--000002_410301,Master/Other,-0.15037631146158573,-0.10190090433015324
HEI_000593--000001_410206,PhD,-0.19554332111139844,-0.011940911336659067
HEI_000351--000012_410206,Master/Other,-0.2027589059873091,-0.08099785046389331
HEI_000358--000013_410206,Master/Other,1.871671961551902,0.8991037502241657
HEI_000314--000004_410206,Master/Other,-0.1917580791795792,-0.09992765039438499
HEI_000498--000009_410206,Master/Other,-0.24153451588806832,-0.1883323728150176
HEI_000537--000005_410301,PhD,-0.2040646085795797,-0.12643208550943255
HEI_000380--000011_411209,Master/Other,-0.5040630644776647,-0.3460253734755508
HEI_000513--000009_411209,Master/Other,-0.054631342181001685,-0.1122806167479698
HEI_000524--000007_410206,Master/Other,1.998997371217215,1.2474927455413378
HEI_000439--000008_410206,Master/Other,-0.5346849695573977,-0.6438077435798126
HEI_000369--000006_410301,Master/Other,-0.02887008576875097,0.3001609996780574
HEI_000555--000001_410206,PhD,-0.1902004904225593,-0.10401543331209509
HEI_000473--000004_410206,Master/Other,-0.18570883962542842,-0.09160292017036929
HEI_000525--000003_410301,PhD,-0.18210652520005405,-0.077347411854534
HEI_000484--000011_410301,Master/Other,-0.176421269622258,-0.052143098043551495
HEI_000584--000002_410301,PhD,-0.20461618754979388,-0.08701274421889095
HEI_000536--000001_410206,Master/Other,-0.3279471005173609,1.475988716869922
HEI_000355--000013_410206,Master/Other,-0.06493759717884669,0.05981905072652601
HEI_000589--000002_411209,PhD,0.13711204517971495,0.10727661209517894
HEI_000528--000003_411209,PhD,-0.19160477882288063,-0.06776438415775299
HEI_000398--000008_410206,Master/Other,-0.2195354461797423,-0.11589338443906598
HEI_000535--000004_410206,PhD,-0.1551592277834983,-0.14024103363799506
HEI_000493--000009_410301,Master/Other,-0.19843849982326,-0.09255412472018908
HEI_000432--000008_410301,Master/Other,-0.4073970906408577,-1.9714111351646544
HEI_000391--000012_411209,Master/Other,-0.20501917197676128,-0.09299392798859658
HEI_000436--000009_411209,Master/Other,-0.1361517750788988,0.006990960167671158
HEI_000544--000002_410206,PhD,-0.18892161196249907,-0.11484144237535755
HEI_000610--000002_410301,Master/Other,4.326328822191257,-2.347106409337175
HEI_000619--000003_410301,PhD,1.1804349661084492,2.736402996003571
HEI_000378--000005_410301,Master/Other,-0.43714602999146945,0.37550486668431177
HEI_000397--000009_411209,Master/Other,0.439061061136149,-0.7718058143524424
HEI_000595--000001_410301,Master/Other,-0.1977286932652003,-0.0877219558803777
HEI_000367--000003_411209,Master/Other,0.212522493941998,0.14433975286041784
HEI_000455--000009_411209,Master/Other,-0.09710678774197294,2.296070035646309
HEI_000404--000002_411209,Master/Other,-0.23840554204695374,-0.15614593966157794
HEI_000316--000005_411209,Master/Other,-0.26984509774965004,-0.13314076082767412
HEI_000677--000003_411209,PhD,0.732563851021312,-0.5087550286456273
HEI_000598--000001_411209,Master/Other,-0.2185739481541408,-0.34229076618710647
HEI_000363--000002_410301,Master/Other,-0.10096676415506377,-0.03926019987974898
HEI_000458--000009_410301,Master/Other,-0.1790573737279992,-0.16561896501438933
HEI_000366--000007_410206,Master/Other,-0.3575024236581673,-0.12328025206541023
HEI_000607--000001_410206,PhD,-0.1872696916910848,-0.09383205706927587
HEI_000526--000006_411209,Master/Other,-0.4399196564323748,-0.38805757836620325
HEI_000382--000010_410206,Master/Other,-0.19941805126151588,-0.09141936743925878
HEI_000463--000003_411209,Master/Other,-0.20578246945051573,-0.10972808855798126
HEI_000538--000004_410206,PhD,-0.18130929192772305,-0.07439470139128582
HEI_000317--000001_410206,Master/Other,-0.16294644408679093,-0.01963232551479653
HEI_000497--000008_410301,Master/Other,-0.17814989441454676,-0.3000353909159489
HEI_000355--000008_410301,Master/Other,0.09781752122560854,-0.007889619453946181
HEI_000371--000004_411209,Master/Other,-0.2011982524783079,-0.09459896866482266
HEI_000395--000013_411209,Master/Other,-0.1566736964789427,-0.07439680902720357
HEI_000522--000007_410301,Master/Other,-0.11959270509610007,0.9476174614851217
HEI_000552--000005_410206,PhD,-0.19994897628227318,-0.14237970158710644
HEI_000478--000004_411209,Master/Other,-0.4130426958458661,-0.243506578278099
HEI_000545--000006_411209,Master/Other,-0.21590662871736174,-0.1073345637127777
HEI_000509--000011_411209,Master/Other,-0.2523839772624341,-0.17604566068029465
HEI_000664--000001_410206,PhD,-0.2511681573572365,-0.44927108539128513
HEI_000500--000010_411209,Master/Other,-0.17972503096803294,-0.12846506452566714
HEI_000451--000008_411209,Master/Other,-0.21525051709458123,-0.0985609510667926
HEI_000523--000003_410206,Master/Other,-0.18945107407502734,-0.10204541277436073
HEI_000530--000001_410301,PhD,-0.20185491372394404,-0.14481068983544507
IHEID_002519--000005_410206,PhD,-0.21396031238893976,-0.11296717476770313
HEI_000523--000001_AU2AC01233,Master/Other,-0.19635564059194202,-0.09451994899623414
HEI_000400--000003_411209,Master/Other,-0.37524801289535314,-0.31846676882898994
HEI_000526--000001_410206,PhD,-0.19738941418477104,-0.08927036611550694
HEI_000435--000010_410301,Master/Other,2.1823708637492842,1.3022785750361423
HEI_000594--000002_410301,Master/Other,-0.18725113393819748,-0.06904906551822874
HEI_000549--000005_411209,PhD,0.0549845094677235,0.14275365640315035
HEI_000405--000001_411209,Master/Other,-0.20589368512843467,-0.11883670226146924
HEI_000499--000011_411209,Master/Other,2.990017707419638,0.15007144323228064
HEI_000371--000003_410206,Master/Other,-0.2258416411803834,-0.09412846059893491
HEI_000408--000001_410301,Master/Other,-0.3529964799481633,-0.16078442945611127
HEI_000386--000016_410301,Master/Other,-0.1866644148192845,-0.09882553862411228
HEI_000352--000010_411209,Master/Other,3.276031529164437,0.41968109164896406
HEI_000443--000009_410206,Master/Other,-1.6517923693305685,-0.41026091634249345
HEI_000431--000011_411209,Master/Other,-0.23245876967974327,-0.021942220753687285
HEI_000471--000002_410206,Master/Other,-0.20883790312527262,-0.13991400217000471
HEI_000507--000008_410301,Master/Other,-0.1975271528900409,-0.09168308484897035
HEI_000556--000003_410301,PhD,-0.19293366476940937,-0.0762981400551332
HEI_000611--000001_410301,Master/Other,2.0869670696085647,0.4867310880425606
HEI_000466--000001_411209,Master/Other,-0.321306113816717,-0.8983335028995156
HEI_000387--000012_410206,Master/Other,-0.6665508069601643,0.8127431743800217
HEI_000375--000002_410206,Master/Other,-0.1878202654153494,-0.08667521274630284
HEI_000516--000010_410206,Master/Other,-0.36578004948047516,-0.1711403008419204
HEI_000672--000001_411209,PhD,-0.19145393154722032,-0.10316256504177465
HEI_000614--000004_410206,Master/Other,-0.11203739914265377,0.1180019437597982
HEI_000356--000011_411209,Master/Other,-0.19825739656633656,0.03913960192160479
HEI_000479--000007_411209,Master/Other,0.20940708182084977,-1.674136457895155
HEI_000391--000015_410206,Master/Other,-0.2002735752593843,-0.10778589772723547
HEI_000398--000014_410206,Master/Other,-0.20628669459458204,-0.09966691339924953
HEI_000470--000006_411209,Master/Other,-1.4185346387689237,-0.3512779499457321
HEI_000540--000004_410301,PhD,-0.2112371892226277,-0.10902569675856431
HEI_000474--000007_410301,Master/Other,-0.19908881356485642,-0.07505048814376464
HEI_000544--000005_411209,PhD,-0.23499692435395725,-0.08267053089180738
HEI_000531--000002_410301,PhD,0.011550994119593032,0.026748156123991652
HEI_000467--000005_410206,Master/Other,-0.33939916426766803,-0.268315341298847
HEI_000606--000002_410206,PhD,-0.19685227306671227,-0.059638321936884606
HEI_000527--000005_411209,PhD,-0.21148466642727795,-0.06553013900059997
HEI_000390--000011_410301,Master/Other,-0.20888659133966384,-0.08658638263118103
HEI_000452--000011_410301,Master/Other,0.27413190697123196,-0.5087281042294272
HEI_000374--000006_410301,Master/Other,-0.17892915811689153,-0.08295984683877038
HEI_000530--000006_410206,PhD,-0.19442406210094748,-0.08051351977385601
HEI_000394--000010_411209,Master/Other,0.7170372093194607,0.4536693105073524
HEI_000475--000003_410206,Master/Other,1.9606868073364747,3.106106617740575
HEI_000435--000009_410301,Master/Other,-0.1325221721107078,-0.21863336190508975
HEI_000521--000007_410301,Master/Other,-0.13447029955306763,-0.09550280426166557
HEI_000396--000013_411209,Master/Other,-0.18567342313429022,-0.0806988611850259
HEI_000464--000002_410301,Master/Other,1.268336551506487,0.6016897350043432
HEI_000613--000002_411209,PhD,2.569408788034985,1.2534441123779674
HEI_000358--000016_410206,Master/Other,-0.2172320034133087,-0.05958553773831394
HEI_000314--000001_410206,Master/Other,-0.16776215177019857,-0.07320790929240882
HEI_000512--000008_410206,Master/Other,-0.14915177659246648,-0.10479528530304136
HEI_000499--000008_411209,Master/Other,-0.20235786992039267,-0.11049539965030578
HEI_000352--000009_411209,Master/Other,-0.21485370912609436,-0.09571285914251618
HEI_000443--000010_410206,Master/Other,-0.19279828117154346,-0.10169085404049352
HEI_000365--000007_410206,Master/Other,-2.1330245871251594,2.484893662023293
HEI_000438--000009_411209,Master/Other,-0.2053798640358594,-0.07430339796089522
HEI_000543--000003_410206,Master/Other,-0.20934912823884344,-0.27900008790096864
HEI_000431--000008_411209,Master/Other,-0.47298182194168625,-0.8834458746722826
HEI_000662--000004_411209,PhD,-2.1981157826212727,-3.0374623836482417
IHEID_000721--000006_410206,PhD,-0.15031001951008735,0.22776708558113146
HEI_000581--000002_410206,PhD,3.227223668265705,-0.4031622506249012
HEI_000403--000003_411209,Master/Other,-0.17382010102127513,0.04821092408056152
HEI_000674--000003_410301,PhD,-0.24988904840504644,0.009110091802820417
HEI_000360--000002_411209,Master/Other,-1.7037313104990666,4.147153674808069
HEI_000507--000011_410301,Master/Other,-0.2258674838336853,-0.1493206202816727
IHEID_000720--000002_410301,PhD,-0.19906526349157128,-0.09000218383006033
HEI_000472--000005_411209,Master/Other,-0.19700629131414352,-0.0875992701319022
HEI_000377--000001_410206,Master/Other,0.21273481657438265,0.12564224576100347
HEI_000551--000005_410206,Master/Other,-0.18293600219856213,-0.07898714825387795
HEI_000670--000002_411209,PhD,-0.18744445754108036,-0.022502624668377585
HEI_000494--000008_411209,Master/Other,-0.044428532039958044,0.01075284174500705
HEI_000516--000009_410206,Master/Other,-0.18583303012957256,-0.08171193083756997
HEI_000356--000008_411209,Master/Other,-0.16715637425119778,-0.0834744835342973
HEI_000361--000006_410206,Master/Other,-0.20334793662590647,-0.08449770500787594
HEI_000357--000005_411210,Master/Other,-0.19761691367174536,-0.09806526729746926
HEI_000473--000001_410206,Master/Other,-0.19156503398041175,-0.08800197554396719
HEI_000525--000006_410301,Master/Other,-0.20277375527308356,-0.10509535455396131
HEI_000550--000001_411209,Master/Other,-0.3448696014255437,-0.1488611843154217
HEI_000376--000005_411209,Master/Other,-0.10143804636472224,-0.05734235832145645
HEI_000369--000003_410301,Master/Other,-0.22464936633695148,-0.20367959080630654
HEI_000476--000004_411209,Master/Other,-0.14660925772913763,-0.15192494272117765
HEI_000359--000012_411209,Master/Other,-0.47900585502980825,-0.1674889345609916
HEI_000345--000003_411210,Master/Other,-0.1890636538097292,-0.09409362733259288
HEI_000679--000003_410301,PhD,-0.2032667191576739,-0.10409575956831625
HEI_000407--000002_411209,Master/Other,-0.02792986427663901,-0.40672038247021575
HEI_000394--000009_411209,Master/Other,-0.7582807503085552,1.5244954218549795
HEI_000334--000005_411210,Master/Other,-0.18264144746271807,-0.07671605940063778
HEI_000542--000007_411209,PhD,-0.1896440889179772,-0.09893923664451976
HEI_000524--000002_410206,Master/Other,-2.716423854807027,-1.5497050553174159
HEI_000347--000010_410206,Master/Other,-0.09839080452726653,0.0237685162395055
HEI_000580--000001_410206,Master/Other,-0.220372863557329,-0.14762388296682655
HEI_000493--000010_410301,Master/Other,-0.1956335748207123,-0.09111564021130837
HEI_000399--000007_411210,Master/Other,0.5810829533853461,-1.573739560418809
HEI_000532--000002_410301,Master/Other,-0.1811448788560073,-0.05641853182953921
HEI_000385--000016_411209,Master/Other,-0.5664909924224469,0.015068620261832637
HEI_000464--000005_410206,Master/Other,4.047614613216735,3.4206998377289892
HEI_000432--000011_410301,Master/Other,1.9256094485886595,1.0861835797099748
HEI_000361--000001_411209,Master/Other,-0.21084184539534168,-0.20773573796820097
HEI_000547--000005_411209,PhD,-0.24159552755551747,-0.11224933651434936
HEI_000666--000002_410206,PhD,-0.20902226965202475,-0.04741629010420403
HEI_000593--000003_410301,PhD,4.317357366174078,-1.4452422176265647
HEI_000436--000010_411209,Master/Other,-0.19789877069928866,-0.11661127599295291
HEI_000406--000001_410301,Master/Other,-0.22995097244940294,-0.14710942707434727
HEI_000536--000003_411209,Master/Other,-0.2209632112927645,-0.18838425647664714
HEI_000504--000008_411209,Master/Other,-0.1856189207424989,-0.06558772921637265
HEI_000397--000010_411209,Master/Other,1.9698040848827647,0.92764913595365
HEI_000520--000004_410301,Master/Other,-0.19439567633103133,-0.10005338294638541
HEI_000529--000005_410301,PhD,-0.14759343126835747,-0.06946631461041204
HEI_000455--000010_411209,Master/Other,-0.20419620368965555,-0.1153968874679309
HEI_000373--000007_411209,Master/Other,-0.2196822501282096,-0.12349639474754345
HEI_000555--000003_411209,Master/Other,-0.9452537961347974,-1.14896836400973
HEI_000612--000001_411209,Master/Other,-0.22327187610235272,-0.09986232082028329
HEI_000551--000002_410301,PhD,0.09381404116922673,0.2820539898921941
HEI_000468--000001_411209,Master/Other,-0.19273095706504534,-0.09689088559875965
HEI_000380--000013_410206,Master/Other,-0.21989587919113557,-0.05303572530124386
HEI_000389--000012_410206,Master/Other,4.852720370015293,0.9619084366492753
HEI_000605--000002_410206,Master/Other,-0.5780514331102403,3.0811167748999213
HEI_000364--000004_410206,Master/Other,0.37681137408024373,3.0862499051722336
HEI_000458--000010_410301,Master/Other,-0.2069485265987782,-0.09610365732761654
HEI_000477--000007_411209,Master/Other,-0.19005492511151564,-0.10119864729107357
HEI_000382--000009_410206,Master/Other,0.41193576319063807,-1.2481993432332117
HEI_000372--000003_410206,Master/Other,-0.1832276730075385,-0.10509019822008467
HEI_000497--000011_410301,Master/Other,-0.2010637926133954,-0.0844909493805905
HEI_000671--000001_410301,PhD,-0.27501694919920855,-0.12198252003688674
HEI_000460--000004_410206,Master/Other,-0.2060007632038815,-0.12426217378819829
HEI_000388--000016_411209,Master/Other,-0.2045220333482537,0.044493672103753296
HEI_000355--000011_410301,Master/Other,0.49860946418947266,0.3187192787634311
HEI_000310--000007_410301,Master/Other,-0.21519935580373864,-0.09950553108623895
HEI_000384--000012_410206,Master/Other,-0.18295890341007137,-0.1726229043054273
HEI_000601--000003_410206,Master/Other,1.3141912425406934,-1.0320776036184798
HEI_000546--000001_410206,Master/Other,-0.258857107639104,-0.17626422163405253
HEI_000509--000008_411209,Master/Other,-0.6466348942800506,-0.4114738727659109
HEI_000500--000009_411209,Master/Other,-0.1758547836444425,-0.10828323138107453
HEI_000451--000011_411209,Master/Other,-0.1941508707471338,-0.11055270425247053
HEI_000558--000003_411209,PhD,-0.22017260202820066,-0.10485376806161735
HEI_000377--000006_411209,Master/Other,-0.3255337775950152,-0.22784356374176404
HEI_000349--000012_411209,Master/Other,-0.22920198804620198,-0.24222148750458392
IHEID_002481--000005_410301,PhD,-0.2072215507715116,-0.08782654292563223
HEI_000556--000006_410301,PhD,-0.18564762388911943,-0.005649861830088903
HEI_000370--000002_410301,Master/Other,4.066389424622397,-0.8219032521177543
HEI_000316--000006--000002_411209,Master/Other,-0.19677602697077773,-0.08177436321682072
IHEID_000368--000007_410301,Master/Other,-0.19735280518871404,-0.08794832085008222
HEI_000517--000011_411209,Master/Other,2.410239482340993,0.45992414377634233
HEI_000495--000010_410206,Master/Other,-0.19451215747453063,-0.06407577451986077
HEI_000324--000005_411210,Master/Other,-0.19568274125889573,-0.10227912530027711
HEI_000660--000002_410301,PhD,4.352773612599952,-0.16294683711243768
HEI_000471--000007_410206,Master/Other,-0.3448316703536477,-0.1535999438480005
HEI_000531--000007_411209,PhD,-0.19883994377743613,-0.1072576896964427
IHEID_000923--000002_410206,PhD,-0.21476595181503771,-0.0929858993933021
HEI_000386--000013_410301,Master/Other,-0.21945050137951846,-0.12726732319553594
HEI_000557--000002_410206,Master/Other,-0.2200042580990565,-0.1040821359534503
HEI_000346--000008_411209,Master/Other,-0.17845505085331562,0.012194133926531923
HEI_000474--000002_411209,Master/Other,-0.20025699157106458,-0.05364539301432428
HEI_000462--000007_AU2AC01037,Master/Other,-0.10299209874027204,0.07333388540489591
HEI_000479--000002_410301,Master/Other,-0.4364624693238563,1.1525767611716682
HEI_000470--000003_410301,Master/Other,-0.19357335578317636,-0.0895665258751558
HEI_000405--000004_411209,Master/Other,-0.20465625407810858,-0.03685212678264199
HEI_000442--000008_411209,Master/Other,1.1357390976095236,0.5879072872831027
HEI_000353--000011_410206,Master/Other,-0.2171991338175373,-0.18132565919601806
HEI_000530--000003_410206,PhD,-0.19521317558042445,-0.05007766672592869
HEI_000380--000008_411209,Master/Other,-0.4011961022094798,-0.17665876731864855
HEI_000664--000003_410301,PhD,-0.20008320546074926,-0.14790206227250033
HEI_000598--000003_410206,PhD,-0.1897446175480339,-0.005347367844735934
HEI_000394--000015_411209,Master/Other,-0.15736571985823553,-0.07452102602536909
HEI_000475--000006_410206,Master/Other,-0.9181753414248504,-0.5394985259978163
HEI_000439--000011_410206,Master/Other,-0.16366987569416588,-0.07422488874878308
HEI_000390--000014_410301,Master/Other,-0.12246358938530573,-0.07347712472998025
HEI_000351--000002_411210,Master/Other,-0.056298805311732064,-0.1222217523582522
IHEID_000730--000002_410301,PhD,-0.27640674824581973,-0.09437202593635811
HEI_000586--000001_411209,PhD,-0.16174223565359808,-0.07568216425589751
HEI_000374--000003_410301,Master/Other,-0.12345510452520303,-0.049613945317453355
HEI_000769--000010_411209,Master/Other,-0.19182421249091786,-0.11108411594940652
HEI_000484--000008_410301,Master/Other,-0.18986765164182193,-0.2086121431835249
HEI_000401--000005_411209,Master/Other,-0.18635126521913611,-0.11096794222380016
HEI_000408--000004_411209,Master/Other,-0.20141549095595676,-0.09216910654987166
HEI_000614--000001_410206,Master/Other,-0.22746459751915965,-0.1821606355463082
HEI_000313--000002_411209,Master/Other,-0.13468281266463483,-0.1861554417191604
HEI_000375--000007_410206,Master/Other,0.4561644192920715,2.6243346974686332
HEI_000449--000013_410301,Master/Other,-0.18847482557293416,-0.12289615814531693
HEI_000672--000004_411209,PhD,-0.2682190080336815,0.03524549812483462
HEI_000540--000001_410301,PhD,-0.08828591139049567,-0.02691662851348524
HEI_000398--000011_410206,Master/Other,-0.22019169551022064,-0.016420656032213595
HEI_000379--000004_410206,Master/Other,-0.053712433072464316,0.0448454183721267
HEI_000370--000005_410206,Master/Other,0.28145747673575994,0.11611215024051429
HEI_000539--000005_411209,PhD,-0.16111211846546739,-0.07378789774715487
HEI_000602--000001_410301,PhD,-0.20280557679025663,-0.11762622882034535
HEI_000548--000003_411209,Master/Other,-0.19640338157839166,-0.09870885109686699
HEI_000367--000006_411209,Master/Other,-2.355458172981146,-0.7297923827121915
HEI_000359--000009_410206,Master/Other,-0.19182833475201103,0.009544453109238314
HEI_000448--000010_411209,Master/Other,-1.9086228390055846,3.248941174849518
HEI_000462--000002_410206,Master/Other,-0.20240292522649395,-0.10437390616771763
HEI_000510--000009_411209,Master/Other,-0.19858978318801382,-0.09064207743328617
HEI_000492--000008_410206,Master/Other,-0.12712807872935075,0.011768436580418288
HEI_000383--000011_411209,Master/Other,0.18506172953022867,0.15621732117365436
HEI_000459--000008_410206,Master/Other,-0.22660042892726423,-0.023320757378313173
HEI_000450--000009_410206,Master/Other,-0.1928841882789455,-0.10059178773666468
HEI_000501--000011_410206,Master/Other,-0.2566950620687782,-0.28895719076338644
HEI_000392--000009_410206,Master/Other,1.9581781679565602,0.4424659962368343
HEI_000362--000003_410206,Master/Other,0.0005026966835678378,-0.20341186520620735
HEI_000452--000010_AU2AC01037,Master/Other,-1.0975532423051733,-1.3424223419285424
HEI_000587--000002_410301,Master/Other,-0.16108142960698857,-0.13097726624157338
HEI_000553--000004_411209,PhD,-0.22111384704041084,-0.22209254641364337
HEI_000403--000011_411210,Master/Other,-0.27524694892862833,-0.14097484953105394
HEI_000475--000001_410301,Master/Other,-0.20582745862006582,0.06302845940517356
HEI_000523--000006_410206,Master/Other,2.9560991140318644,1.896255913349606
HEI_000545--000003_411209,Master/Other,-0.128861789843298,-0.00767670054056074
HEI_000363--000007_411209,Master/Other,-0.20007633414471662,-0.09765412751910169
HEI_000677--000006_410301,PhD,-0.19229033641994475,-0.09830692091678855
HEI_000400--000006_411209,Master/Other,2.4701771656903238,0.13293331515702073
HEI_000514--000008_411209,Master/Other,-0.19546136488037638,-0.15048607649384163
HEI_000496--000009_410206,Master/Other,-0.21563659424969706,-0.13486402853436014
HEI_000404--000007_410301,Master/Other,-0.20645716499298444,-0.10003842928927495
HEI_000519--000008_410301,Master/Other,-0.36733523393883355,-0.2245318175847555
HEI_000615--000002_410206,PhD,-0.19653852606213107,-0.11458072249514747
HEI_000534--000005_411209,Master/Other,0.3050895980861846,3.7587617049748614
IHEID_000935--000002_410301,PhD,-0.1978755017086465,-0.0907219272096215
HEI_000478--000001_411209,Master/Other,-0.26443999427549264,-0.1648443633593891
HEI_000583--000003_410301,PhD,-0.12916401925444487,-0.1060856440462889
HEI_000676--000002_410206,PhD,-0.19714130048690576,-0.09330688227960794
HEI_000538--000001_410206,Master/Other,-0.31413962310047666,-0.16713001227333263
HEI_000522--000002_410301,Master/Other,-0.17161035405313435,0.017647137613055527
HEI_000395--000016_411209,Master/Other,-0.19261896894260566,-0.10040200809766461
HEI_000438--000012_410206,Master/Other,-0.06824592625697853,-0.46607530394053726
HEI_000454--000008_410206,Master/Other,-0.1859923006666632,-0.09298946039382312
HEI_000540--000006_410206,PhD,-0.17553167122941168,-0.16439912710017715
HEI_000366--000002_410206,Master/Other,-0.18979215852104123,-0.08529017615941965
HEI_000396--000008_410206,Master/Other,-0.1543500459789204,-0.06896299695957728
HEI_000487--000011_411209,Master/Other,-0.19499710323494351,-0.07143571068037576
HEI_000463--000006_411209,Master/Other,-0.20009632378324604,-0.11205285996006688
HEI_000453--000006_410301,Master/Other,-0.2200931210145717,-0.08699862368204925
IHEID_000701--000001_411209,PhD,-0.14568478721259204,-0.026170903550503513
HEI_000398--000007_410301,Master/Other,-0.1842697411927549,-0.05126499588732789
HEI_000350--000010_411210,Master/Other,0.36376611761640854,-0.017630464890602146
IUED_000269--001705_410206,PhD,-0.1923903474556665,-0.13302493932141699
HEI_000352--000003_410206,Master/Other,-0.17442971751045747,-0.12709065084319784
HEI_000460--000009_410206,Master/Other,-0.2088958048372838,-0.092598138941933
HEI_000499--000002_410206,Master/Other,-0.33246249066670747,-0.16390500874729758
HEI_000371--000010_411209,Master/Other,-0.18812969605698424,0.0566286815070544
HEI_000334--000006_411209,Master/Other,-0.2264681035509324,-0.14395874771071768
IHEID_000716--000002_410206,PhD,-0.11955770004902261,0.044830756329644596
HEI_000457--000007_411209,Master/Other,-0.20083104018534575,-0.08092189166161494
HEI_000395--000007_411209,Master/Other,-1.438896652522507,3.189138947615829
HEI_000571--000002_411209,Master/Other,-1.1417335078891822,-3.449699065066059
HEI_000338--000002_410206,Master/Other,-0.21983510537894516,-0.0739211587654625
HEI_000448--000001_410301,Master/Other,2.0653775540201744,-0.4837211219420144
HEI_000452--000002_410206,Master/Other,-0.20250969598449511,-0.06481254509332089
HEI_000390--000002_410206,Master/Other,-0.05657990559410027,0.3110939244324175
HEI_000399--000003_410206,Master/Other,0.19583996071631432,-0.008838071544219114
HEI_000621--000003_410206,Master/Other,-1.317648417681096,-2.124950682724783
HEI_000500--000004_411209,Master/Other,-0.211522334153527,-0.09251689671115489
HEI_000515--000008_AU2AC01233,Master/Other,-0.3524634187395846,-0.19825145244695883
HEI_000566--000001_410206,Master/Other,-0.18648138681432902,-0.12270878756180763
HEI_000689--000003_410206,PhD,-0.22987641374487475,0.6206011498666695
HEI_000353--000007_410301,Master/Other,-0.18612729944839637,-0.07738750688194312
HEI_000632--000001_410301,PhD,-0.1842716924979053,-0.08762020651032966
HEI_000356--000002_410206,Master/Other,-0.1831033495927294,-0.28050422589077173
HEI_000516--000003_411209,Master/Other,-0.19354810994968805,-0.13351412357352038
HEI_000375--000011_411209,Master/Other,-0.8888017860270289,-1.0584644426332876
HEI_000464--000008_410206,Master/Other,-0.20579915629930082,-0.1551693947262259
IHEID_000699--000003_411209,PhD,2.6174756491021514,0.08287959868784574
HEI_000391--000006_411209,Master/Other,-0.2121288772598317,-0.5571164348740877
HEI_000483--000001_411209,Master/Other,-0.19594497089434454,-0.08823119598348764
HEI_000341--000001_411209,Master/Other,0.23078497500524559,0.7769520513178353
HEI_000567--000005_411209,PhD,-0.19699071148385167,-0.09245896128453955
HEIBR_010204_411209,Master/Other,-0.20283066268953526,-0.10319121544787119
HEI_000444--000005_410206,Master/Other,-0.20178865674006588,-0.07697421273798587
IHEID_000694--000003_410301,PhD,-0.17482099975433826,-0.07895996668640252
HEI_000378--000011_410301,Master/Other,-0.7236327490898363,-0.38860676022053403
HEI_000486--000004_410206,Master/Other,-0.16457874674592912,-0.061423763374639825
HEI_000520--000009_410301,Master/Other,-2.367908969644746,-0.4481255864410516
HEI_000529--000008_410301,Master/Other,0.2867303737298151,-0.9120050382710642
HEI_000478--000010_410301,Master/Other,0.4519083463533287,-2.0293022827959555
HEI_000434--000007_410301,Master/Other,-0.15987308046845677,-0.10114120297754071
HEI_000344--000004_410206,Master/Other,3.337597983524751,-0.888544202865262
IHEID_000368--000011_410206,PhD,2.583569609732982,1.5916492682035388
HEI_000684--000003_410206,PhD,-0.1981332556557578,-0.038399919008505944
IUED_000264--001626_410206,PhD,-0.1757118023053988,-0.054007436373168564
HEI_000387--000001_410301,Master/Other,-0.2217002780979381,-0.126648376759721
HEI_000575--000003_411209,PhD,-0.2231468986607648,-0.10134190202899832
HEI_000491--000007_411209,Master/Other,-0.19010963771079256,-0.09412645818178028
HEI_000370--000014_410206,Master/Other,1.6889293272890158,0.5655470057377355
HEI_000498--000006_411209,Master/Other,-0.21968981331006388,-0.04144449508817804
HEI_000445--000001_410301,Master/Other,-0.14219310270243748,2.5768168295359164
HEI_000456--000003_410206,Master/Other,-0.18527291734268733,-0.06603260688859572
HEI_000364--000009_410206,Master/Other,0.35676475650532324,0.9361077356279708
HEI_000469--000001_411210,Master/Other,-0.05999237755292533,-1.3571692439301692
HEI_000394--000003_410206,Master/Other,-0.19667539771280582,-0.0913467251135717
IHEID_000712--000004_411209,PhD,-0.19521175502941635,-0.09693288120580104
HEI_000356--000005_411209,Master/Other,-0.21989027870758893,-0.08357491005273221
HEI_000642--000004_410301,PhD,-0.19049211636969113,-0.2263797390964929
HEI_000470--000012_411209,Master/Other,-0.18388740624170488,-0.05225935024285464
HEI_000505--000006_410301,Master/Other,-0.18150962883308314,-0.07142834309677239
IHEID_002281--000006_411209,PhD,-0.1996730540216877,-0.06920522486506253
HEI_000357--000008_411210,Master/Other,-0.18956643529287093,-0.07439842994482698
HEI_000348--000007_410206,Master/Other,0.1898460647852294,1.0639664049437674
HEI_000646--000005_411209,PhD,-0.20821216460104436,1.5207133544011346
HEI_000508--000006_411209,Master/Other,1.0195719984440224,0.6371228756284141
HEI_000327--000003_411209,Master/Other,-0.1717874257258825,-0.02296596968846705
HEI_000483--000006_410206,Master/Other,-0.15185054560148442,0.10963377670626234
HEI_000490--000004_410301,Master/Other,-1.5690402322035195,4.995710398193266
HEI_000386--000002_411209,Master/Other,-0.1626783621739544,-0.07028506942641721
HEI_000352--000004_410301,Master/Other,-0.199068533814978,-0.016819855296039098
HEI_000681--000001_410206,PhD,-0.18269493915701993,-0.07030642651360042
HEI_000476--000009_411209,Master/Other,-0.19743992371146146,-0.09347963169540126
HEI_000322--000006_410206,Master/Other,-0.2523386804585522,-0.17862087799491158
HEI_000504--000002_410206,Master/Other,2.1613403717761197,0.4172876701453043
IHEID_002537--000005_410206,PhD,-0.2010700064615531,-0.07979404100145865
HEI_000441--000007_410206,Master/Other,-0.15640005959425526,-0.09784069280107435
HEI_000335--000005_411209,Master/Other,-0.5959166201782963,-0.34338631622842386
HEI_000513--000001_411209,Master/Other,-0.28998750319327693,-0.12245946125366475
HEI_000340--000002_410301,Master/Other,-0.1964106571428518,-0.0966435618978138
IHEID_000704--000003_410301,PhD,-0.20872146117677284,-0.1013291021557316
HEI_000621--000004_410301,PhD,2.4942198957306645,-2.5748161248818624
HEI_000435--000004_410301,Master/Other,-0.20069982793304234,-0.1026885154628279
HEI_000563--000003_410206,Master/Other,-0.19146147435198874,-0.05481328757475046
HEI_000323--000002_411209,Master/Other,-0.1670625847318282,-0.09487807993010797
HEI_000366--000014_411209,Master/Other,-0.3261204227265775,-0.2818398864002298
HEI_000637--000003_410301,PhD,-0.1943618146766726,-0.08640848412823945
HEI_000532--000008_410206,Master/Other,-0.19864577795499377,-0.09508015953103645
HEI_000494--000005_410301,Master/Other,1.853985154966112,0.8769117957941093
HEI_000449--000002_411209,Master/Other,-3.5580591353837905,6.336709009852808
HEI_000570--000001_410301,Master/Other,-0.1731531785706285,-0.0792998386363475
HEI_000382--000003_411209,Master/Other,-0.1795701212753615,-0.08508950657592285
HEI_000512--000005_410206,Master/Other,-0.22415211555647918,0.014237300203730043
HEI_000633--000002_411209,PhD,-0.2197527100062023,-0.04680768761813081
HEI_000438--000004_411209,Master/Other,2.3614201194306403,1.1277742252487983
HEI_000431--000005_411209,Master/Other,-0.2239674517246761,-0.2894297943405487
HEI_000362--000015_410301,Master/Other,-0.24939041851870825,-0.09922353834237159
HEI_000338--000005_411209,Master/Other,-0.2116021897511088,-0.09015529417710197
HEI_000650--000002_411209,PhD,-0.1592195431161905,-0.13942032548116629
HEI_000659--000003_411209,PhD,3.0710167781734765,-1.9212857459028638
IHEID_000709--000003_410301,PhD,-0.1977126346405855,-0.0893677283270291
IHEID_000700--000002_410301,PhD,-0.200973738521589,-0.09917473170258412
HEI_000349--000003_411209,Master/Other,-0.21746031080055556,-0.08871445767835849
HEI_000482--000002_411209,Master/Other,-0.23986341695876448,-0.180905566323313
HEI_000509--000002_410206,Master/Other,-0.1893236541765718,-0.08441720215153847
HEI_000472--000008_411209,Master/Other,-0.2078165879449155,-0.09433173990135864
HEI_000689--000004_411209,PhD,-0.20173502740850038,-0.10415623082932529
HEI_000654--000003_410301,PhD,3.2070204582160367,0.5812333562912876
HEIBR_010113_411209,Master/Other,-0.1961471917115366,-0.07948302372535908
HEI_000458--000001_411209,Master/Other,-0.2344659575670906,-0.07784328312304746
HEI_000561--000002_410301,PhD,-0.9450165363233899,-0.27132776263154923
HEI_000568--000003_410301,PhD,-0.18169888749121352,-0.21855646142745017
HEI_000687--000001_410301,PhD,-0.43210911412615854,-0.13758012813833226
HEI_000354--000004_410206,Master/Other,-0.18066719244015375,-0.08326958752917782
HEI_000496--000004_410206,Master/Other,-0.2868169880086927,-0.2896635979943344
HEI_000514--000005_411209,Master/Other,4.417025048561433,-0.11605721417984659
HEI_000539--000008_410301,Master/Other,-0.5682834026508456,-0.7732368770947956
HEI_000465--000010_411209,Master/Other,-0.44669503332079086,-0.7694098081610549
HEI_000374--000009_410206,Master/Other,-0.23414305924313655,-0.06332052668204224
HEI_000534--000008_411209,Master/Other,-0.31691190252387597,-0.28241377944845697
HEI_000481--000007_411209,Master/Other,2.6782195100895527,1.5308715467490697
HEI_000488--000006_411209,Master/Other,-0.19665791082409478,-0.09621304548718536
HEI_000565--000003_411209,Master/Other,4.206653491629551,-0.6912084134406176
HEI_000388--000007_411209,Master/Other,1.029593623945762,0.4960611121792707
HEI_000557--000008_411209,PhD,-0.17614353279189868,-0.12547587829749948
HEI_000317--000009_410206,Master/Other,-0.19931043392153772,-0.12863255251596128
HEI_000406--000010_411209,Master/Other,-0.23887361213960678,-0.006680872842131169
HEI_000436--000001_410301,Master/Other,3.744070089688665,-1.4549190216355645
HEI_000641--000001_411209,PhD,-0.19699810839411117,-0.08700244204460894
HEI_000454--000005_410206,Master/Other,-0.19806339922695404,-0.08629746222196942
HEI_000396--000005_410206,Master/Other,0.25620902967489256,0.48596219634406396
IHEID_000697--000001_410206,PhD,-0.06802780713837411,0.0014212632655199327
HEI_000337--000004_410206,Master/Other,-0.07792437593116569,0.4572565755822026
HEI_000493--000001_411209,Master/Other,-0.23914035175635415,-0.10958148498621799
HEI_000372--000012_410206,Master/Other,-1.8594683320463075,-1.6505126398221883
HEI_000379--000009_410206,Master/Other,-0.19137459242789281,-0.1980199132543685
HEI_000370--000008_410206,Master/Other,-1.1674913813425332,1.932249821714916
HEI_000328--000002_410206,Master/Other,-0.20494160683809684,-0.06254932751522625
HEI_000485--000006_411209,Master/Other,-0.18552071634741912,-0.08587279309995238
HEI_000347--000006_411209,Master/Other,-0.1734512407907972,-0.09734669416571337
HEI_000622--000001_410301,Master/Other,2.015730534205142,-4.310208307774689
HEI_000397--000001_411209,Master/Other,-0.14481468306561154,-0.19282137588468
HEI_000359--000004_410206,Master/Other,-0.19732193117676058,-0.09022476031025325
HEI_000519--000005_411209,Master/Other,-0.48675251148840326,-0.14059443993156795
HEI_000492--000005_410206,Master/Other,-0.20600666869723902,-0.07838727434986854
HEI_000510--000004_411209,Master/Other,-0.1811474635233028,0.4496917876331613
HEI_000506--000003_410301,Master/Other,-0.18408702825221843,-0.0701758389254784
HEI_000459--000005_410206,Master/Other,-0.2665857547336318,-0.14265245612013044
HEI_000392--000004_410206,Master/Other,1.491824034758486,0.7208460935831031
HEI_000652--000003_410206,PhD,-0.1977534378417481,-0.08971129222872556
HEI_000376--000013_410206,Master/Other,0.05641473834021138,-0.17031081019084682
HEI_000443--000006_410301,Master/Other,-0.19605363804347734,-0.13584082286329036
HEI_000515--000001_410206,Master/Other,-0.16604483210382812,0.26154110047879364
IHEID_000711--000001_411209,PhD,-0.19108774349541155,-0.08843696415989309
HEI_000385--000007_411209,Master/Other,-0.24758125847859616,-0.10852452124873557
HEI_000399--000016_411210,Master/Other,2.4161701222772605,3.591457509376646
HEI_000402--000011_411209,Master/Other,-0.5717529897650728,-1.8038867797805138
HEI_000447--000007_411209,Master/Other,-0.2057980328730698,-0.10845677880800851
HEI_000502--000002_411209,Master/Other,-0.1916883121717531,-0.3009890202277176
HEI_000691--000006_410301,PhD,-0.18127547771429386,-0.07326701663013693
HEI_000442--000005_411209,Master/Other,-0.19688295799891814,-0.08928295983481274
HEI_000466--000009_410301,Master/Other,-0.17783081341312545,-0.060810541821427415
HEI_000389--000004_411209,Master/Other,-0.2013776324815474,-0.0944161643449753
HEI_000380--000005_411209,Master/Other,-0.19713811291699537,-0.0923491896629162
HEI_000437--000002_410301,Master/Other,-0.17446752159918685,-0.05204125873443506
HEI_000649--000003_411209,PhD,3.694850065847944,-0.12929220997096616
HEI_000347--000001_410206,Master/Other,-0.7407459910820439,0.5436869593473393
HEI_000328--000005_411209,Master/Other,-0.17889970283817855,-0.07978833669295515
HEI_000433--000003_411209,Master/Other,-0.16440562821464866,-0.0412208051473097
HEI_000369--000012_410301,Master/Other,-0.19353789322014725,-0.08198930800197661
HEI_000503--000001_410301,Master/Other,-0.19961697173254633,-0.11308081791277767
IHEID_000696--000002_410206,PhD,-0.9089853363348007,-1.1316690012818635
HEI_000462--000008_411209,Master/Other,-3.3219620312769305,-1.9850758642090574
HEI_000533--000010_411209,Master/Other,-0.11192468502139657,-0.10726396672908585
HEI_000350--000002_411209,Master/Other,-0.31322431279931195,-0.3440722078645554
HEI_000484--000005_410301,Master/Other,-0.2942656931080765,-0.43352505585530143
HEI_000634--000001_410206,PhD,-0.19639368199139096,-0.08705208038773249
HEI_000469--000013_410301,Master/Other,-0.2107468098164456,-0.12791143086353024
HEI_000401--000008_411209,Master/Other,-0.2948040793844738,-0.19329479720447562
HEI_000455--000005_AU2AC01037,Master/Other,-0.22089715808468746,-0.14165377287708314
HEI_000342--000004_411209,Master/Other,-0.19143390218834988,-0.08558856887285665
HEI_000480--000004_411209,Master/Other,1.0422114149558779,0.3724092431520502
IHEID_000710--000002_411209,PhD,-0.19186247402902779,-0.02882295818917571
HEI_000631--000004_410301,PhD,0.19568932700297736,0.3700608822592426
HEI_000644--000003_411209,PhD,0.31773526896392096,0.1156762432332483
HEI_000381--000001_410206,Master/Other,-0.16289990983759217,-0.07092051563840246
HEI_000686--000002_411209,PhD,-0.23923320148890484,-0.10826946178211468
HEI_000362--000009_410301,Master/Other,-0.20479874706683157,-0.12273395498267615
HEI_000450--000003_410301,Master/Other,-0.19876289183450346,-0.112893627096486
HEI_000627--000003_411209,PhD,2.404806749046589,0.33255582742169365
HEI_000459--000002_410301,Master/Other,-0.20049480246293244,-0.08569585787941517
IHEID_000702--000004_411209,PhD,0.9991052128231266,0.9716638120873098
HEI_000691--000001_410206,PhD,-0.21850850956349188,-0.09519759049840572
IHEID_000706--000005_410301,PhD,-0.1648984539463142,-0.07455988808617847
HEI_000454--000002_411209,Master/Other,-0.20496948003992327,-0.10173713595590772
HEI_000518--000006_411209,Master/Other,0.44877324975397465,-1.0484363511850354
HEI_000372--000015_411209,Master/Other,-0.22470192523617272,-0.07002257933526117
HEI_000511--000007_411209,Master/Other,0.41951860552989867,0.26414928983991964
HEI_000639--000001_410206,PhD,-0.19940125511158394,-0.11275704757225849
HEI_000351--000006_410206,Master/Other,0.2345052201315033,0.7279967643663966
HEI_000577--000002_410206,Master/Other,0.330717996427669,0.1607450775630633
HEI_000358--000007_410206,Master/Other,-1.0235179257061842,1.3849035471898927
HEI_000405--000009_411209,Master/Other,-0.418587040720368,-0.21560374709504687
HEI_000627--000004_410301,PhD,-0.18099337356578568,-2.3427493477905044
HEI_000474--000008_410301,Master/Other,0.1022913284055818,1.5990107354153817
HEI_000484--000002_410301,Master/Other,-0.05042904976288893,-0.08072930958337603
HEI_000357--000013_411210,Master/Other,-0.18599976090955841,-0.10540769625788658
HEI_000342--000003_411209,Master/Other,-0.34478292144776757,-0.2390917983469347
HEI_000480--000003_411209,Master/Other,-0.45018909246584315,5.1580138277366885
IHEID_000706--000002_411209,PhD,2.19751629020182,-1.180415863928943
HEI_000479--000008_411209,Master/Other,-0.19986531997441145,-0.10741867052528503
HEI_000489--000002_411209,Master/Other,3.787759912271679,-1.8387599486885458
HEI_000361--000010_410206,Master/Other,-0.26822279167945795,-0.15091350488551772
HEI_000470--000009_411209,Master/Other,3.7618941857006707,-1.5947517487108422
HEI_000656--000002_410301,PhD,0.9998863848324832,0.4843741781774417
HEI_000437--000005_410301,Master/Other,-0.19289617410852553,-0.08361507788982435
HEI_000649--000004_411209,PhD,-0.0997662516220627,0.07814837991021241
HEI_000442--000002_411209,Master/Other,-0.2250108423898495,-0.018185163921593944
HEI_000389--000003_411209,Master/Other,-0.2220671041844511,-0.03897927456627705
HEI_000380--000002_411209,Master/Other,-0.2216345141852021,-0.15392638118497934
HEI_000638--000002_411209,PhD,1.188690792130492,0.8866317691267299
IHEID_000696--000005_410206,PhD,-0.25381920009288433,-0.07651271113565959
HEI_000350--000005_411209,Master/Other,-0.20224764585717467,-0.0976329454486135
HEI_000576--000001_411209,Master/Other,-1.2490695929408675,-1.714369972182704
HEI_000690--000002_411209,PhD,-0.16882910170896692,-0.06466747181749878
HEI_000433--000004_411209,Master/Other,-0.20349411808422635,-0.14003780187005543
HEI_000644--000004_410301,PhD,-0.2106600026059572,-0.058633833367446556
HEI_000455--000001_410206,Master/Other,-0.21164538478398273,-0.0892622229815352
HEI_000325--000002_410301,Master/Other,0.3156528266120885,-0.3966842833560193
HEI_000503--000006_410301,Master/Other,2.9460744857319936,0.5483004724664953
HEI_000369--000015_410301,Master/Other,0.00857184533321585,0.0004275181166708919
HEI_000346--000002_411209,Master/Other,-0.8113189427823517,-0.6473299276980549
HEI_000365--000011_410206,Master/Other,1.7617597298258836,1.0535779922666302
HEI_000450--000004_410301,Master/Other,-0.1954826715848706,-0.10297740194812195
IHEID_000702--000003_411209,PhD,-0.1778628648240652,-0.09732239394445355
HEI_000381--000006_410206,Master/Other,-0.35677177723223163,-0.08564690230939194
HEI_000310--000002-000001_410301,Master/Other,-0.24029514379370767,-0.14038946281955222
HEI_000518--000001_411209,Master/Other,-0.23540750209062347,-0.12321762270168639
HEI_000521--000011_410301,Master/Other,0.35077591862819923,0.4229352025250323
HEI_000564--000007_410301,Master/Other,-0.14792112883544098,-0.06820189700159777
HEI_000635--000002_411209,PhD,-0.11765452917969453,0.1423153910793391
HEI_000332--000001_410206,Master/Other,-0.07773659987825608,-0.019220745043065635
IHEID_000710--000005_411209,PhD,-1.6520619593329076,-1.2648398851801712
HEI_000507--000007_410301,Master/Other,-0.37339937215854146,-0.12956984606521574
HEI_000343--000007_410206,Master/Other,0.07305127573794842,0.00394281519177128
HEI_000446--000003_411209,Master/Other,-0.18975766876011518,-0.07367752496222076
HEI_000466--000004_AU2AC01037,Master/Other,-0.030045723979482717,0.24860170149577576
HEI_000631--000003_410301,PhD,-0.20051870642838088,-0.11718792734931777
HEI_000384--000003_411209,Master/Other,-0.19985990018103666,-0.09101838561069196
HEI_000522--000008_410301,Master/Other,0.05646913917960432,0.03575357574238685
HEI_000329--000001_411209,Master/Other,-0.19243298421685726,-0.08262549605766396
HEI_000346--000005_410206,Master/Other,-1.0442071803845516,0.7221712174423048
HEI_000560--000001_410206,PhD,0.1794983886053045,-0.06698038759295652
HEI_000355--000007_410301,Master/Other,-0.2008875337430557,-0.1098884637951402
HEI_000497--000007_410301,Master/Other,-0.04093670358813373,0.04636792883332283
HEI_000493--000006_411209,Master/Other,-0.010465858391920288,-0.012922659546765157
HEI_000337--000003_410206,Master/Other,-0.1991277673138624,-0.1001552465231964
HEI_000366--000008_410206,Master/Other,-0.198073139821389,-0.11692301147925051
HEI_000396--000002_410206,Master/Other,-0.1802580129281068,-0.05773598758664076
HEI_000354--000003_410206,Master/Other,-0.20646120511237215,-0.0962139680442868
HEI_000514--000002_411209,Master/Other,-0.17886516901914465,-0.07597728887113633
HEI_000496--000003_410206,Master/Other,-0.5827787561846964,-0.40313079100224075
HEI_000377--000010_411209,Master/Other,-0.1982868834135043,-0.07913105919762796
HEI_000451--000007_411209,Master/Other,-0.1979168460582656,-0.09993156570993812
HEI_000458--000006_411209,Master/Other,-0.1896870557497814,-0.06398093037615009
HEI_000561--000005_410301,PhD,-0.20390858025693434,-0.10753399356453254
HEI_000568--000004_410301,Master/Other,-0.32895757432808365,-0.11971898540696253
HEI_000393--000007_411209,Master/Other,-0.18238536901807814,-0.011844778904822882
HEI_000488--000001_411209,Master/Other,0.7204418096336593,0.2755122060060236
HEI_000565--000004_411209,PhD,-0.21997222997926985,-0.21018601651909002
HEI_000384--000004_410206,Master/Other,-1.632380274922558,-2.467270241096759
HEI_000373--000011_410301,Master/Other,-0.13389451680747289,-0.04765662516603961
HEI_000652--000004_410206,PhD,-2.350483209964622,0.2760506273229084
HEI_000376--000014_410206,Master/Other,2.6613509713802816,2.3653146184131635
HEI_000443--000001_410301,Master/Other,-0.197905573065769,-0.1233768496551933
HEI_000333--000002_410206,Master/Other,-0.19965956163071447,-0.10841343270914414
HEI_000515--000006_410206,Master/Other,-0.20071077630822934,-0.11512118224648428
HEI_000506--000004_410301,Master/Other,-0.19572977765129815,-0.09506561157580402
HEI_000392--000003_410206,Master/Other,2.9857107834472325,1.4329143647626872
HEI_000436--000006_411209,Master/Other,-0.16720982265464704,-0.06565288923075183
HEI_000473--000010_411209,Master/Other,2.3733258234546653,1.6254755148942235
HEI_000623--000002_410206,PhD,-0.23083911412120883,-0.2418804754724411
HEI_000489--000005_410206,Master/Other,-0.023174334240845407,0.24259469888865726
HEI_000324--000001_411209,Master/Other,-0.18807414051174798,-0.08089790253572492
HEI_000502--000005_411209,Master/Other,-1.030422325403029,0.38242321129513573
HEI_000432--000007_410301,Master/Other,-0.08930186508516293,-0.023048294409519155
HEI_000399--000011_411210,Master/Other,-1.1052707665258497,5.43982252404196
HEI_000682--000003_410206,PhD,-0.19774883143754846,-0.0897030436866527
HEIBR_008341_410206,Master/Other,-0.19419868289427072,-0.08930765776795975
HEI_000364--000012_410206,Master/Other,-0.24025684008918002,-0.12375498768193655
HEI_000485--000001_411209,Master/Other,-0.2518454120337375,0.016081369181618645
HEI_000640--000002_410206,PhD,-0.19887668131378272,-0.052569181883176844
HEI_000359--000003_410206,Master/Other,-0.09626479087544754,-0.9587046303769806
HEI_000657--000001_411209,PhD,-0.1964186690573176,-0.09348728581386095
IUED_000263--001622_410301,PhD,-0.2125813052126254,-0.044298023124493616
HEI_000519--000002_411209,Master/Other,2.5509882234674546,-1.3416333159785778
HEI_000638--000005_410206,PhD,2.706555290046201,-0.28227543385070436
HEI_000336--000007_411209,Master/Other,-0.19513931213945476,-0.0920912863140167
HEI_000510--000003_411209,Master/Other,-0.18522167629645375,-0.14864631331644046
HEI_000492--000002_410206,Master/Other,-0.09207929069847381,-0.11579818802082803
IHEID_000707--000001_410301,PhD,-0.2489639727775608,-0.16892213636615497
HEI_000455--000006_411209,Master/Other,-0.22955061403432836,-0.10010857298556614
HEI_000397--000006_411209,Master/Other,-0.2202042093967907,-0.0668163666429456
HEI_000690--000005_410206,PhD,-0.2000690413945393,-0.10892929758927465
HEI_000659--000004_410301,PhD,-0.1873346767522217,0.19538429732979112
HEI_000369--000009_410301,Master/Other,-0.1586348753293744,-0.08574254471038394
HEI_000625--000002_411209,PhD,1.0303307925714515,1.6971114550326143
HEI_000504--000005_410206,Master/Other,-0.1981159693529927,-0.08285019590144573
IHEID_000700--000005_411209,PhD,-0.2055751551259653,-0.08858341441371574
HEI_000439--000007_410206,Master/Other,-0.19358239662550858,-0.08456408329213835
HEI_000340--000005_410301,Master/Other,-0.35709310363550195,-0.19433135418197003
HEI_000475--000010_410206,Master/Other,-0.19728223700613404,-0.09899708698337974
HEI_000628--000002_410301,PhD,-0.1908600200738249,-0.13012774378932665
IHEID_000704--000004_410301,PhD,0.37931083816885103,-1.0824684517811292
HEI_000524--000008_410206,Master/Other,-0.20200453373531005,-0.10212923691705575
HEI_000513--000006_411209,Master/Other,-0.19577426194378736,-0.09909353081126958
HEI_000335--000002_411209,Master/Other,-0.18398714825412502,-0.06493284502197677
HEI_000680--000002_410301,PhD,2.820045717029446,-0.3796833036241108
HEI_000654--000004_411209,PhD,-0.3232844736297596,-0.08968531356588576
HEI_000642--000003_410301,PhD,-0.19345952078109732,-0.1891353175441749
HEI_000339--000006_410206,Master/Other,-0.2069568357558062,-0.10812718644036627
HEI_000637--000004_411209,PhD,-0.17716342115852055,-0.171670134208792
HEI_000405--000012_410301,Master/Other,-0.162492886122485,0.0017848136372133204
HEI_000651--000001_410206,PhD,-0.20474227504453937,-0.10574352480838158
HEI_000490--000003_410301,Master/Other,-0.14985368766986287,-0.06878601904168227
HEI_000386--000005_411209,Master/Other,-0.19017726497383067,-0.08040172082801879
HEI_000310--000005--000002_410301,Master/Other,-0.21092411868298153,-0.1196783268769786
HEI_000508--000001_411209,Master/Other,-0.08755205700609284,-0.2712821452890722
HEI_000327--000004_411209,Master/Other,-0.2208994558333687,-0.10257372229854826
HEI_000471--000011_410206,Master/Other,-0.24479200376931323,-0.10975109739613656
HEI_000360--000008_411209,Master/Other,-1.2454248738059381,-0.36359938479703285
IHEID_000709--000004_410301,PhD,-0.17266192929882196,-0.07125963360251668
HEI_000331--000003_411209,Master/Other,-0.2652374187602889,-0.24103470413055653
HEI_000517--000007_411209,Master/Other,-4.093551347680208,3.065227874222316
HEI_000495--000006_410206,Master/Other,-0.34565358995901085,-0.2428068461702102
HEI_000407--000008_410301,Master/Other,-0.19792711366562732,-0.09372398159530286
HEI_000349--000004_411209,Master/Other,0.35568637694841965,0.845505921741859
HEI_000482--000005_411209,Master/Other,-0.2315028180397156,-0.225032369772871
HEI_000509--000005_410206,Master/Other,3.8436546765752704,0.5223489436383496
HEI_000440--000004_411209,Master/Other,-0.1542783298998985,0.03067674072310002
HEI_000494--000002_410301,Master/Other,-1.314424640885661,-1.6939224828134258
HEI_000449--000005_411209,Master/Other,3.4834007621914704,-0.5319518821859662
IHEID_000712--000003_410301,PhD,-0.17315202114075173,-0.03832607302890825
HEI_000382--000004_411209,Master/Other,-0.12107442529912882,2.8284623345410336
HEI_000563--000004_410206,Master/Other,-0.1468178123145073,-0.006344428159004258
HEI_000323--000005_411209,Master/Other,-0.1944765060931803,-0.09518668886534944
HEI_000505--000001_411209,Master/Other,-0.10750182073155409,0.07545102538661505
HEI_000366--000013_411209,Master/Other,0.00457994259303143,0.018084920534026497
HEI_000692--000004_411209,PhD,-0.1888173096286362,-0.08714737147466704
HEI_000438--000003_411209,Master/Other,1.8916550853989795,0.14584043697128027
HEI_000646--000002_410301,PhD,-0.9521117162856736,-0.9504165335291865
HEI_000431--000002_411209,Master/Other,-0.887432029898187,2.875077950102324
HEI_000362--000012_410301,Master/Other,1.156561471262444,-0.10027763307329479
HEI_000469--000008_411209,Master/Other,-0.18367043687974452,-0.26838596147971305
HEI_000512--000002_410206,Master/Other,-0.21981412693635446,-0.12032765648922276
HEI_000452--000005_410206,Master/Other,-0.1976487801117829,-0.09479963597882475
HEI_000367--000010_410301,Master/Other,-0.16584966181314362,-0.035471656670211224
HEI_000390--000005_410206,Master/Other,-0.2745276545027549,-0.16359584294841475
HEI_000399--000004_410206,Master/Other,1.7703600782480926,0.1423254908198818
HEI_000357--000001_411209,Master/Other,-0.20198601589576956,-0.08785363729061335
HEI_000374--000012_410206,Master/Other,-0.19708581554517582,-0.09709113612145046
HEI_000495--000001_411209,Master/Other,-0.22687058983182418,-0.11496679924032287
HEI_000331--000004_410206,Master/Other,-0.20953601938648736,-0.2616370902677965
HEI_000680--000005_410206,PhD,2.2124119483544393,1.057688845445934
HEI_000400--000010_411209,Master/Other,-0.13978008473432876,0.07095333366503369
HEI_000445--000006_411209,Master/Other,-1.1601861093342685,0.8705533358614346
HEI_000363--000011_411209,Master/Other,-0.5259451393396182,-2.020003161800232
HEI_000500--000003_411209,Master/Other,-1.9618990775272391,-0.9686420929848202
HEI_000647--000001_411209,PhD,-0.20736946084271388,-0.1806478719106728
HEI_000523--000010_410206,Master/Other,-0.38291423835595845,-0.2992745240757228
HEI_000372--000009_410206,Master/Other,-0.22733533608850154,-0.21764535174390887
IHEID_000699--000004_410301,PhD,-1.2369409267532256,-3.468154151895187
HEI_000440--000003_410206,Master/Other,-0.13669391074288023,0.14952618210933497
HEI_000453--000001_410301,Master/Other,-0.22917842638467795,-0.11899847265396461
HEI_000624--000001_411209,PhD,-0.13857877230016288,-0.015646304629225196
HEI_000345--000007_411209,Master/Other,-0.17168371487753997,0.07175569016920505
HEI_000692--000003_410206,PhD,-0.21560769423745646,-0.10362695243445126
HEI_000499--000005_410206,Master/Other,-0.229583780859578,-0.14697946939451073
HEI_000684--000004_410206,PhD,-0.19756425851116774,-0.0906117100486453
HEI_000383--000007_411209,Master/Other,-0.06780302792495771,-0.02514362473998751
HEI_000404--000011_411209,Master/Other,-0.3144917187837311,-0.18514272303843804
HEI_000486--000003_410206,Master/Other,-0.1973601593638635,-0.08760924038055813
HEI_000344--000003_410206,Master/Other,1.4911149719201868,0.9019227592711107
HEI_000456--000004_410206,Master/Other,-0.07100403595234513,-0.048474435317874646
HEI_000469--000006_411210,Master/Other,-0.18435620637736916,-0.1131310417749423
HEI_000394--000004_410206,Master/Other,1.600247878286147,-3.2144195283022072
HEI_000387--000006_410301,Master/Other,-1.4464255646849387,-0.5840675666572399
IHEID_000717--000001_411209,PhD,-0.17998333646785108,-0.0959088311990174
HEI_000379--000012_410206,Master/Other,2.67610167978854,0.6244544450117478
HEI_000498--000001_411209,Master/Other,-0.19012055863558397,-0.09007335910922201
HEI_000370--000013_410206,Master/Other,-0.2066764547399825,-0.13359481538068144
HEI_000403--000007_411210,Master/Other,-0.2000102544862863,-0.08896186582532412
HEI_000487--000007_410301,Master/Other,-0.19182914196301282,-0.062302924944500473
HEI_000391--000001_411209,Master/Other,-0.22527235609829754,-0.11533461896577206
HEI_000463--000010_410301,Master/Other,0.47509358750568004,0.10657553476379115
HEI_000459--000011_AU2AC01233,Master/Other,-0.22372104592990882,-0.09756423852654676
HEI_000516--000004_411209,Master/Other,-0.20132198188345146,-0.12116207463195716
HEI_000339--000001_411209,Master/Other,-0.214390314880491,-0.17906557670718448
HEI_000376--000008_410206,Master/Other,0.5531581572891112,0.5970047373757976
HEI_000444--000002_410206,Master/Other,-0.1484237667644345,-0.12271554916181925
HEI_000334--000001_410301,Master/Other,-0.19474788563846115,-0.09560088979913706
HEI_000536--000009_411209,Master/Other,-3.41847439336768,1.9379862535956052
IHEID_000694--000004_410301,PhD,-0.19845481818209695,-0.09118952442894614
HEI_000629--000001_411209,PhD,-0.17199963852126052,-0.07488000409505259
HEI_000501--000007_410206,Master/Other,-0.09647015156789206,0.1246579915495079
HEI_000567--000002_411209,Master/Other,5.138293011367394,0.37912085895944475
HEI_000341--000006_411209,Master/Other,-0.2686041485171581,-0.24963821360331437
HEI_000378--000007_410301,Master/Other,0.39408057540040164,0.05611351770140496
HEI_000619--000001_410301,Master/Other,-0.09734912292091955,-0.10993341447736407
HEI_000603--000002_410206,PhD,-0.1723668331551806,-0.07120106977301173
HEI_000362--000004_410206,Master/Other,0.19632252819054358,0.41455172561112624
HEI_000489--000008_410206,Master/Other,-0.1481117696913285,-0.17595091904758609
HEI_000391--000010_411209,Master/Other,-0.18333050499540715,-0.05853133747830405
HEI_000502--000008_411209,Master/Other,2.152589515053658,0.8584891367950104
HEI_000480--000009_410206,Master/Other,-0.1550079856071785,-0.21336480803590477
HEI_000453--000010_411209,Master/Other,-0.2593624184891113,-0.09076720656486846
HEI_000325--000001_411210,Master/Other,-0.1853670184340954,-0.045038853110887976
HEI_000553--000003_411209,Master/Other,-0.08893669414795465,-0.0638215234620668
HEI_000535--000006_410206,Master/Other,0.9365797434707415,-2.138292926972333
IHEID_000727--000001_410301,PhD,-0.21213233579928065,-0.04471066106458139
HEI_000379--000003_410206,Master/Other,-0.20082169109837558,-0.09135943911725893
IUED_000263--001618_410301,PhD,-0.4395519021275542,-0.23432672577818614
HEI_000677--000001_411209,PhD,-0.2004740356761657,-0.09781916002962855
HEI_000389--000009_410206,Master/Other,-0.1954209434162201,-0.09047131559531744
HEI_000316--000007_411209,Master/Other,-0.19014148561589747,-0.10519764040059848
HEI_000539--000002_411209,Master/Other,-0.12457830302039109,-0.043820540988662386
HEI_000462--000005_410206,Master/Other,-0.15858304687133928,-0.13660199962667746
HEI_000367--000001_411209,Master/Other,-0.20103295126917006,-0.09059976472258999
HEI_000506--000009_411209,Master/Other,-0.250307992690191,-0.17431342725283622
HEI_000395--000011_411209,Master/Other,-0.20880087036377756,-0.14860331112895836
HEI_000522--000005_410301,Master/Other,-0.19743806654882584,-0.08653866374448232
HEI_000457--000011_411209,Master/Other,-0.1772952780514799,-0.03952173246705318
HEI_000371--000006_411209,Master/Other,-2.236113697983756,-0.12301471665679294
HEI_000538--000006_410206,Master/Other,0.01879853993663525,0.08570088312011738
HEI_000317--000003_410206,Master/Other,-0.04186449194750912,-0.06347015150472349
HEI_000382--000012_410206,Master/Other,-0.13315030768325065,0.07313768855857887
HEI_000463--000001_411209,Master/Other,-0.1584555630953202,-0.10583372890901736
HEI_000607--000003_410206,PhD,-0.10483363647918167,-0.768145277021062
HEI_000526--000004_411209,Master/Other,-0.34055065384516336,-0.37793263647898223
HEI_000366--000005_410206,Master/Other,-0.044062966990766575,0.1358152424763329
HEI_000545--000004_411209,PhD,-0.24938549477330815,-0.2716349273316988
HEI_000478--000006_411209,Master/Other,-0.18995286288219992,-0.0545986819209134
HEI_000548--000004_410301,Master/Other,-0.20821411036853174,-0.13543473296591388
HEI_000541--000005_410301,Master/Other,-0.20601002807765187,-0.10015790818369964
HEI_000384--000009_410206,Master/Other,-0.1844539214064167,-0.08981973090670509
HEI_000446--000009_410206,Master/Other,0.03922066868545246,0.040165883951918606
HEI_000534--000002_411209,Master/Other,-0.18358075517068304,-0.08431373661025546
HEI_000590--000001_411209,Master/Other,-0.189131345032901,-0.08157829965030618
HEI_000431--000013_411209,Master/Other,-0.06369478990440448,-0.016405355497816253
HEI_000317--000004_411209,Master/Other,-0.19302102976243837,-0.1151635280258573
HEI_000386--000014_410301,Master/Other,-1.4586758236791884,2.322546017157722
HEI_000557--000005_410206,Master/Other,-0.22841230814975166,-0.06070434185741413
HEI_000408--000003_410301,Master/Other,-0.1919860467877943,-0.09427617648857972
HEI_000371--000001_410206,Master/Other,-0.1676796333134628,-0.3200343387899963
HEI_000405--000003_411209,Master/Other,-0.15921505471103944,0.0715143983427977
HEI_000661--000001_410206,PhD,0.16058014841529605,0.19408120070683788
HEI_000479--000005_410301,Master/Other,-0.19541385033246275,-0.05467515056903747
HEI_000526--000003_410206,Master/Other,-0.20252106367839803,-0.09942380329357814
HEI_000470--000004_410301,Master/Other,-0.20639059249143235,-0.09037654462786825
HEI_000387--000010_410206,Master/Other,-0.22064688727554926,-0.06432035549401545
HEI_000618--000002_410301,Master/Other,-0.20128133649983598,-0.09934523404664758
HEI_000354--000009_411209,Master/Other,-0.199838480112464,-0.08949257449124894
HEI_000467--000009_AU2AC01037,Master/Other,-0.2102363168337001,-0.061816346779939794
HEI_000467--000007_410206,Master/Other,-0.1955720283566449,-0.11226826205784024
HEI_000401--000002_411209,Master/Other,-0.2889709792047649,-0.33693666180707504
IHEID_000368----000001_411209,Master/Other,0.09555671452919706,2.3787843962408615
HEI_000508--000010_411209,Master/Other,-0.30172157959103235,-0.3640746250694095
HEI_000544--000007_411209,Master/Other,-0.4717528907862654,-0.4442827595890862
HEI_000483--000010_410206,Master/Other,-0.20101246321853936,-0.0905970582728418
HEI_000474--000005_410301,Master/Other,-0.19038240749289248,-0.08441109823095465
IHEID_002436--000004_410301,PhD,-0.49022674882177386,-0.29006121364126913
HEI_000505--000010_410301,Master/Other,-0.20716730609367423,-0.12353024084749782
HEI_000356--000013_411209,Master/Other,-0.25510277586096325,-0.10500222719038838
HEI_000535--000001_411209,PhD,-0.19058113465911136,0.07914149573037786
HEI_000672--000003_411209,PhD,-0.13837971680878194,-0.08838382886233397
HEI_000437--000008_410301,Master/Other,-0.21850080321491935,0.08175833181216972
HEI_000394--000012_411209,Master/Other,3.0444530204455957,1.4596581165774136
HEI_000466--000003_410301,Master/Other,-0.7928529198319909,3.4614028388220706
HEI_000611--000003_411209,PhD,-0.18790780310404215,-0.05840571785514394
HEI_000530--000004_410206,PhD,0.7406725668693094,1.2210497033054968
HEI_000556--000001_411209,PhD,-0.19756999049233676,-0.102805990874608
HEI_000374--000004_410301,Master/Other,-0.18915366238838927,-0.08356483380124341
HEI_000541--000002_410206,Master/Other,-4.511065532980847,-3.9360263881528033
HEI_000527--000007_411209,PhD,-0.19354524126753903,-0.06646898097132094
HEI_000390--000013_410301,Master/Other,-0.3789813485677072,-0.3882727712381401
HEI_000555--000004_411209,Master/Other,-0.19429987779631028,-0.0889174559275568
HEI_000340--000004_AU2AC01037,Master/Other,-0.19613577788820702,-0.09229804811597636
HEI_000533--000001_410206,PhD,-0.053173042805617715,-0.8418272094799835
HEI_000520--000003_410301,Master/Other,-0.18329964142467386,-0.0615412341933916
HEI_000529--000002_410301,PhD,-0.25984880716392766,1.4509260101845607
HEI_000456--000009_410206,Master/Other,-0.24123367765989426,-0.2959792540176764
HEI_000364--000003_410206,Master/Other,-0.5132054021282827,-0.27706633185296964
HEI_000485--000010_411209,Master/Other,2.6130850936386167,-2.1893265827362223
HEI_000585--000003_411209,Master/Other,-0.096220638967451,-0.14009047874764677
HEI_000335--000008_410206,Master/Other,-0.2089157778321826,-0.11329821996211079
HEI_000468--000006_411209,Master/Other,-0.21344819961032144,-0.18116144615963195
HEI_000461--000007_411209,Master/Other,0.36412583970726914,0.2027222042671587
HEI_000389--000015_410206,Master/Other,-0.16263033340597083,-0.07167688887415334
HEI_000528--000006_410206,PhD,-0.10682510733099503,-0.2656800538479827
HEIBR_005479_410206,Master/Other,-0.20462080722186476,-0.08568258856192643
HEI_000547--000002_411209,PhD,-0.1508831188631645,0.031434208017912475
HEI_000666--000005_410206,PhD,0.5302808364775944,4.048404477596846
HEI_000385--000011_411209,Master/Other,-0.26230170824218757,-0.19564198135421804
HEI_000532--000005_410301,Master/Other,-0.2069726556412806,-0.11051282477196701
HEI_000406--000006_410301,Master/Other,4.3830311333440335,0.47811650639177844
HEI_000671--000006_411209,PhD,-0.2024120595346414,-0.08532242354473732
HEI_000381--000010_410301,Master/Other,-0.1672072581980718,-0.07535581864946023
HEI_000536--000004_411209,Master/Other,-1.0763391811470078,-0.62664844920545
HEI_000392--000012_410206,Master/Other,-0.9871428441164752,3.564370691475502
HEI_000604--000001_410301,Master/Other,-0.20004264813596484,0.013513524858440545
HEI_000452--000008_410206,Master/Other,-0.15725575204537554,-0.09408649052484276
HEI_000601--000004_410206,Master/Other,-0.2061151032330264,-0.09483564345871592
HEI_000481--000011_411209,Master/Other,3.3012478872295263,1.3231070554449067
HEI_000503--000010_410206,Master/Other,-0.7217472421158377,0.45960251923787016
HEI_000667--000001_411209,PhD,-0.4597032851827506,-0.9149003651450329
HEI_000390--000008_410206,Master/Other,-0.2145473301914655,-0.10463114060728299
HEI_000488--000010_411209,Master/Other,-1.5597805243642766,-2.2441480626292516
HEI_000546--000006_410206,PhD,-1.3603378915788784,-1.1491683549512746
HEI_000465--000006_411209,Master/Other,-0.13199300496332572,-0.03029468764577026
HEI_000384--000015_410206,Master/Other,-0.19359944261494483,-0.10696822135158314
HEI_000496--000012_410206,Master/Other,0.02710556829221584,0.0851636437976996
HEI_000558--000004_411209,Master/Other,-0.21674145681521415,-0.18739603047931022
IHEID_003180--000002_410206,PhD,-0.18396042387832787,-0.0954619533659552
HEI_000596--000001_410206,PhD,-0.3017869806598458,-0.1406516157422413
HEI_000402--000007_410301,Master/Other,-0.19083072795055347,-0.09020896249557508
HEI_000372--000004_410206,Master/Other,-0.1397351937969962,-0.2787510810039276
HEI_000447--000011_410301,Master/Other,-0.3139728845682634,-0.2250137188388943
HEI_000344--000007_411210,Master/Other,-0.19920777332182202,0.04754608153509333
IUED_000265--001628_411209,PhD,-0.19751970264036933,-0.11108053159436111
HEI_000609--000001_410301,PhD,-0.27040985538491397,-0.17755502957975386
HEI_000388--000011_411209,Master/Other,-0.17675517416742562,-0.08096964977999943
HEI_000460--000003_410206,Master/Other,-0.11620555751054151,-0.009464106019152818
HEI_000360--000005_411209,Master/Other,0.3589313733097974,1.0437002000591986
HEI_000486--000009_410301,Master/Other,-0.20243647798429018,-0.09358584583869414
HEI_000465--000001_410206,Master/Other,-0.18968025924379883,-0.08730950615626165
HEI_000407--000005_410301,Master/Other,-0.16060257042668724,-0.11085607720940498
HEI_000349--000009_411209,Master/Other,-0.23044471936366825,-0.15960203799741532
HEI_000393--000011_410206,Master/Other,0.37221383984777373,-1.1787592439557273
HEI_000482--000008_411209,Master/Other,-0.17395767490061342,-0.2931034706762836
HEI_000472--000002_411209,Master/Other,-0.2403615838637759,-0.08992617476079941
IHEID_000729--000004_410301,PhD,-0.17138491496296704,-0.11818035960816008
HEI_000351--000010_410206,Master/Other,-0.18934888426114152,-0.058079999604070585
IHEID_000736--000002_411209,PhD,-0.3033167316242436,-0.7794255027553489
HEI_000449--000008_411209,Master/Other,-0.2084988602821099,-0.09597205143857286
HEI_000358--000011_410206,Master/Other,-0.2070689689188018,0.07061127466902789
HEI_000518--000010_411209,Master/Other,1.7491838559851232,0.30022614803144493
HEI_000396--000014_411209,Master/Other,-0.13390552274602147,-0.0028307412897740887
HEI_000543--000004_410206,Master/Other,0.09993193544588244,-0.855671747329075
HEI_000662--000003_411209,PhD,-0.20292373946635475,-0.09288336864664476
HEI_000444--000008_410301,Master/Other,-0.20010920319686168,-0.11427042304815015
HEI_000550--000006_410301,PhD,-0.1705544474775629,-0.07370193003776873
HEI_000533--000006_411209,Master/Other,0.495592254771148,-0.11188695212864054
HEI_000359--000015_411209,Master/Other,-0.22306765548251517,-0.038567708177005826
HEI_000674--000004_411209,PhD,-0.19601684938462519,-0.10757443851723196
HEI_000369--000004_410301,Master/Other,2.6363553391278023,2.477287825890951
HEI_000476--000003_411209,Master/Other,-4.461762090955546,2.1730392160307077
HEI_000608--000002_410301,PhD,-0.2003655874424815,-0.08061119331358248
HEI_000524--000005_410206,Master/Other,1.3597296993905426,2.0701248098290446
HEI_000318--000002_410301,Master/Other,-0.1936927267423573,-0.0853936367559211
HEI_000537--000007_410301,Master/Other,-0.16328359986037702,0.062035105607205064
HEI_000312--000001--000002_410206,Master/Other,-0.17708265843677853,-0.09239956736080907
HEI_000670--000005_410301,PhD,-0.18220889207614843,-0.08277394747961457
HEI_000357--000002_411210,Master/Other,-0.20569635369094327,-0.07991906802402864
HEI_000528--000001_411209,PhD,0.13213346467008535,0.24766665722629605
HEI_000515--000010_411209,Master/Other,-0.20539096882073607,-0.19484503001970171
HEI_000386--000008_411209,Master/Other,-0.13252423442066755,-0.09749630441565879
HEI_000376--000002_411209,Master/Other,-0.06475968676971108,-0.03822414295784562
HEI_000597--000002_410206,PhD,-0.20280213493080607,-0.090540442590844
HEI_000473--000006_410206,Master/Other,-0.2197295045377304,-0.28804594326407035
HEI_000392--000015_411209,Master/Other,-0.2604537112174834,2.837019526051079
HEI_000525--000001_410301,PhD,-0.28528386803388195,-0.12756345709401262
HEI_000486--000010_410301,Master/Other,-0.2173139614776148,-0.03587102190115311
HEI_000673--000002_410206,PhD,2.420627154138147,-3.2312750575318443
IHEID_000368--000005_410301,Master/Other,-0.4112925222680362,-0.3755103785274144
HEI_000556--000004_410301,Master/Other,-0.2026589117713945,-0.09474150394063502
HEI_000379--000001_410301,Master/Other,-0.18667736197154025,-0.10906105431752197
HEI_000582--000002_411209,Master/Other,-0.2155425104353926,-0.13453377312725348
HEI_000349--000010_411209,Master/Other,-0.24766558520747864,-0.3252745871209729
HEI_000393--000008_410206,Master/Other,-0.0677036826995662,-0.1620531628762265
HEI_000482--000011_411209,Master/Other,-0.9043146559633365,-1.1643930785668952
HEI_000351--000009_410206,Master/Other,-0.19832849750016548,-0.09053329680591582
HEI_000405--000006_411209,Master/Other,-0.7935066293498602,4.543407995737219
HEI_000358--000008_410206,Master/Other,-0.1789415409541855,-0.039351436828604196
HEI_000518--000009_411209,Master/Other,-1.0106264804827343,3.192514269567116
HEI_000511--000008_411209,Master/Other,-0.1927841308497306,-0.08725589097607474
HEI_000470--000001_410301,Master/Other,-0.17843627560795516,-0.10054293478793473
HEI_000362--000006_410301,Master/Other,-0.19112876276060048,-0.035778526119266116
HEI_000444--000011_410301,Master/Other,-0.20189422831794152,-0.09130346574553438
HEI_000531--000005_411209,PhD,-0.16638064777356754,-0.09396286784769836
HEI_000586--000003_411209,PhD,-0.19810647575304757,-0.09204030455572977
HEI_000769--000012_411209,Master/Other,0.8805885670842114,2.0953477476283844
HEI_000374--000001_410301,Master/Other,1.8811622610399334,0.9007016043229448
HEI_000527--000002_411209,PhD,-0.21774066531415642,-0.14878182754032887
HEI_000669--000001_411209,PhD,-0.23440981393428253,-0.23404524856967038
HEI_000475--000004_410206,Master/Other,-0.18584613748619064,-0.08233322033331646
HEI_000466--000006_410301,Master/Other,-1.4662018740627427,-2.072513824882104
HEI_000398--000013_410206,Master/Other,-0.2724559883396319,-0.0852780760675331
HEI_000549--000002_410301,PhD,-0.18822845347932704,-0.08403943234000452
HEI_000540--000003_410301,Master/Other,-0.1558316971363078,-0.28428452250440456
HEI_000375--000005_410206,Master/Other,-0.1719871082183162,-0.15786215500918127
HEI_000553--000001_410206,PhD,-0.23103660846437038,-0.13872642654140738
HEI_000449--000011_410301,Master/Other,-0.13491360131126426,-0.06801760853705903
HEI_000614--000003_410206,PhD,-0.31165606095920884,-0.27781222572807557
HEI_000401--000007_411209,Master/Other,-0.16577081632540738,-0.1017940485499717
HEI_000408--000006_411209,Master/Other,-0.22307824998695358,-0.026716165109069278
HEI_000515--000009_411209,Master/Other,-0.4046201534716201,-0.5186824263553023
HEI_000386--000011_411209,Master/Other,-0.07554026963632827,0.11660676468120602
HEI_000467--000002_410206,Master/Other,-0.3014218973480534,-0.2577226511684339
HEI_000673--000005_410301,PhD,-0.18887875719050676,-0.1496287898286876
HEI_000404--000005_411209,Master/Other,-0.1939861957471751,-0.09307268353163388
HEI_000548--000001_411209,PhD,0.062068796775491084,0.06237795920670479
HEI_000367--000004_411209,Master/Other,-0.20029843751910878,-0.07925422384705828
IHEID_000723--000005_411209,PhD,0.31144415784036306,-0.21494278699683791
HEI_000456--000010_410206,Master/Other,-0.18299738995687526,-0.06928915018697894
HEI_000347--000009_411209,Master/Other,-0.10787787357807663,-0.9375712892056778
HEI_000485--000009_411209,Master/Other,3.5623173118495663,1.8700785010013354
HEI_000316--000002_411209,Master/Other,-0.18498760259000233,-0.10220796186796181
HEI_000539--000007_411209,PhD,-0.19261588124676501,-0.062377531858965655
HEI_000677--000004_411209,PhD,-1.53701930073615,-2.939262853875355
HEI_000379--000006_410206,Master/Other,-0.18620068964802972,0.026364789090441813
HEI_000370--000007_410206,Master/Other,0.1681168648535229,0.12863171574242133
HEI_000668--000002_410301,PhD,-0.6522491716928739,-0.3172818781118949
HEI_000535--000003_410206,PhD,-0.19694756211036082,-0.06388383205444573
HEI_000447--000008_411209,Master/Other,1.290337504631952,0.7446647374127615
HEI_000385--000008_411209,Master/Other,-0.3193733582667167,2.100708036361133
HEI_000553--000006_411209,Master/Other,-1.1996231590713764,-1.3816739034156493
HEI_000619--000004_410301,PhD,-0.18523310409668967,-0.06744840256744793
HEI_000665--000002_411209,PhD,-0.14646760866702144,-0.17902156068536876
HEI_000362--000001_410206,Master/Other,-0.19371997863784315,-0.08118561000069813
HEI_000508--000012_410206,Master/Other,0.7010768454917027,0.410768817060571
IHEID_002437--000002_410301,PhD,-0.19404310764392807,-0.09582045626380455
HEI_000503--000009_410206,Master/Other,-0.2347797731590052,-0.16587589684379758
HEI_000481--000008_411209,Master/Other,-0.18823059955477617,-0.05783972618551778
HEI_000478--000003_411209,Master/Other,-0.17616412712489787,-0.07646781130125883
HEI_000488--000009_411209,Master/Other,-0.18739711706358023,-0.08341339528221389
HEI_000534--000007_411209,PhD,-1.0402168752079723,-1.1674929285481241
HEI_000552--000002_410206,Master/Other,-0.17331672329326764,-0.381134193800407
HEI_000400--000004_411209,Master/Other,-0.23466167392525653,-0.11366176457935372
HEI_000363--000005_411209,Master/Other,0.14610596597910436,-0.1378612621737813
HEI_000545--000001_411209,Master/Other,-0.09978780773303252,-0.1394949405437992
HEI_000523--000004_410206,Master/Other,-0.8033852603740381,2.272096447306541
HEI_000463--000004_411209,Master/Other,-0.15501775893120628,-0.09906853039613951
HEI_000661--000003_411209,PhD,-0.20240228097163904,-0.10801528151083972
HEI_000599--000002_410206,PhD,-0.18900325652929076,-0.09752772149202667
HEI_000395--000014_411209,Master/Other,-0.18468444308309287,-0.016210459430804902
HEI_000438--000010_410206,Master/Other,-0.1062328703322556,-0.04425429920132247
HEI_000538--000003_410206,PhD,-0.2074657863663231,-0.040716747681119284
HEI_000317--000006_410206,Master/Other,-0.21623732515865024,-0.18907556504478054
HEI_000388--000008_411209,Master/Other,-2.3889084887858587,4.336575307844915
HEI_000557--000007_411209,Master/Other,-0.27399359849540056,-0.12114709051207695
HEI_000378--000002_411209,Master/Other,3.0106085810287477,-0.8367257586069697
HEI_000381--000009_411209,PhD,-0.18086051348503862,-0.1145439877352669
HEI_000583--000001_410301,Master/Other,-0.20185157230502848,-0.09768558330740351
HEI_000604--000003_410206,PhD,-0.13716824868016342,-0.046647092594974876
HEI_000365--000005_410206,Master/Other,-0.1954815333944453,-0.08407647421741553
HEI_000314--000003_410206,Master/Other,-0.19320682427955882,-0.06977388540252866
HEI_000532--000007_410206,PhD,0.4550143749795637,0.9598954005593522
HEI_000358--000014_410206,Master/Other,0.8097255702640237,1.545993097188727
HEI_000521--000005_410301,Master/Other,1.676752926906949,0.32634614549228325
HEI_000377--000003_410206,Master/Other,-1.102448323589671,-1.555881587247113
HEI_000387--000009_410206,Master/Other,-1.7995116952859878,5.728329034618045
HEI_000514--000011_410206,Master/Other,-0.10547216083129686,-0.17761871647975122
HEI_000472--000007_411209,Master/Other,-0.20123133857134817,-0.06806487577130893
HEI_000596--000003_411209,Master/Other,-0.06284840536428248,0.216402500255072
IHEID_000724--000001_411209,PhD,-0.2289518549311595,-0.16226819534403486
HEI_000433--000010_410301,Master/Other,-0.315739325405776,-0.12225761248499863
HEI_000674--000001_410301,PhD,-0.1832356861752912,-0.08759200207209668
HEI_000403--000001_411209,Master/Other,-0.791553389873141,0.23634392302447785
HEI_000559--000002_411209,Master/Other,-0.2164402965517042,-0.13155499187660738
HEI_000678--000005_410206,PhD,-0.35188665022239735,-0.1597495170253782
HEI_000550--000003_411209,Master/Other,-0.1703397137024882,-0.05445713652417693
HEI_000508--000009_411209,Master/Other,-0.26868797246126774,-0.17073740907047555
HEI_000473--000003_410206,Master/Other,1.6944904135107712,0.8175169546289829
HEI_000483--000009_410206,Master/Other,-0.16824543155652832,-0.00804554797640871
HEI_000525--000004_410301,PhD,-0.16416118366166912,-0.15542405122878253
HEI_000348--000008_410206,Master/Other,-0.15625059014602766,-0.049218656247231644
HEI_000357--000007_411210,Master/Other,-0.07365012450744769,-0.012422243525517997
HEI_000505--000009_410301,Master/Other,-0.027716822369872336,-0.3051812399099331
HEI_000663--000002_410206,PhD,-0.22140644966245732,-0.1572035758315247
HEI_000485--000012_410206,Master/Other,1.910257588171132,-4.1196305359732355
HEI_000542--000005_411209,PhD,-0.19947565409078766,-0.11254999592760298
HEI_000318--000007_410301,Master/Other,-0.1937189322282369,-0.1010530022709444
HEI_000537--000002_410301,PhD,-0.11491167279599417,-2.4772388418054
HEI_000492--000011_411209,Master/Other,-0.18591022104966007,-0.06050048899294384
HEI_000345--000001_411210,Master/Other,-0.1885760102607993,-0.18350602293309998
HEIBR_009545_411209,Master/Other,-0.19808686134844447,-0.10205910186859242
HEI_000441--000008_410206,Master/Other,-0.19688404840054044,-0.07445493924693639
HEI_000476--000006_411209,Master/Other,-0.31317790907823345,-0.2814620950346669
HEI_000369--000001_410301,Master/Other,4.47537687290047,-2.563171744616728
HEI_000319--000004_411209,Master/Other,-0.14370422397170313,0.01824837794604568
HEI_000406--000003_410301,Master/Other,0.01933729547136286,0.3539919590073776
HEI_000559--000005_410206,PhD,-0.04440526375167823,0.005606617071763375
HEI_000671--000003_411209,PhD,-2.920173973844294,5.139270779785108
IHEID_000728--000002_410301,PhD,-0.20155005234298562,-0.08175151438403601
HEI_000489--000011_410206,Master/Other,-0.2288802382119395,-0.19341564810951986
HEI_000361--000003_411209,Master/Other,-0.2426802537004916,0.004927853544578824
HEI_000391--000009_411209,Master/Other,-0.18467782748534672,-0.09441310940475328
HEI_000502--000011_411209,Master/Other,-0.16632469896911375,0.031238435439961642
HEI_000453--000009_411209,Master/Other,0.274837306957744,-1.4370062217418447
HEI_000477--000005_410301,Master/Other,-0.19715984042049137,-0.07557290261467343
HEI_000432--000013_410301,Master/Other,0.0730610574021728,0.13277907302641595
HEI_000498--000004_AU2AC01037,Master/Other,1.4388383233980242,1.3365040591672375
HEI_000399--000005_411210,Master/Other,-0.18687346960645537,-0.07606263427417201
HEI_000385--000014_411209,Master/Other,-0.22989837693836881,-0.16571866300347501
HEI_000464--000007_410206,Master/Other,-0.19189714571075817,-0.22420971758213343
HEI_000675--000002_410301,PhD,-0.2197658716703299,-0.11187914454702294
HEI_000364--000006_410206,Master/Other,-0.35117652083071543,-0.14000422114338518
HEI_000468--000003_411209,Master/Other,-0.18714632983675158,-0.07337333395114447
HEI_000491--000008_411209,Master/Other,-0.19878564136623103,-0.09085859065862462
HEI_000461--000002_411209,Master/Other,-0.14687525428176568,-0.059612032367763884
HEI_000389--000010_410206,Master/Other,-0.18595215238975923,1.8646921667677332
HEI_000612--000003_411209,PhD,-0.20013260473459163,-0.10304533164215383
HEI_000533--000004_410206,PhD,1.4294799571695318,-3.168810571115568
HEI_000373--000005_411209,Master/Other,-0.21213182843108566,-0.09550921400798298
HEI_000667--000004_410301,PhD,2.1207817515548646,0.2982447429463947
HEI_000434--000008_410301,Master/Other,-0.1299630301604256,0.020316201672250008
HEI_000520--000006_410301,Master/Other,-0.18710963907966927,-0.048902326216570896
HEI_000476--000001_410206,Master/Other,-0.23590787157822976,-0.08807940352600668
HEI_000529--000007_410301,PhD,-0.2700930419565758,-0.11684496154281448
HEI_000506--000010_411209,Master/Other,-0.2221377908515421,-0.16500762991043827
HEI_000395--000008_411209,Master/Other,-0.23378149963805525,-0.058362831104420865
HEI_000335--000004_411210,Master/Other,-0.18323726502677204,-0.07668571485409853
HEI_000457--000008_411209,Master/Other,-0.19794583627176673,-0.11062386391911315
HEI_000388--000014_411209,Master/Other,-0.7739651290852585,0.5590332894026739
HEI_000460--000006_410206,Master/Other,-0.21127291199479115,-0.12451224730934814
HEI_000678--000002_410301,PhD,-0.20648655245225284,-0.11245116657400739
IHEID_000920--000005_410206,PhD,1.6652888935358743,2.7065248040740975
HEI_000402--000002_410301,Master/Other,-0.2484902161111146,0.01044636706177039
HEI_000372--000001_410206,Master/Other,-0.2907353783942017,-0.23294875201106005
HEI_000558--000001_411209,Master/Other,-0.343003596203258,-0.11462064473301611
HEI_000353--000008_410301,Master/Other,-0.2907130488311039,-0.18570997331763353
HEI_000546--000003_410206,PhD,-0.1998490672538897,-0.10981496405732483
HEI_000397--000012_410301,Master/Other,-0.1972868575259947,-0.07509965410262641
HEI_000601--000001_410206,Master/Other,1.6199240365455858,0.6451824872670365
HEI_000465--000003_411209,Master/Other,1.6175105346982626,0.5966949831246462
HEI_000384--000010_410206,Master/Other,-0.7099813518185399,-0.5702751407230969
HEI_000446--000010_410206,Master/Other,-5.079403384323722,2.078168536317017
HEI_000367--000009_410301,Master/Other,1.7372942976726182,-0.5026891345546134
HEI_000565--000001_411209,PhD,-0.1974148350171882,-0.09215271538874482
HEI_000481--000005_411209,Master/Other,1.2727447793557847,0.7852940944042783
IHEID_000707--000004_411209,PhD,-0.14092798402188744,-0.02125488724120884
HEI_000488--000004_411209,Master/Other,-0.34160539673301593,3.4500287243704424
HEI_000373--000014_410301,Master/Other,3.0816243230754,0.5956656024863908
HEI_000404--000008_410301,Master/Other,-0.5715934759427767,2.6187226612272094
HEI_000496--000006_410206,Master/Other,2.668755913243543,0.3787853127172682
HEI_000389--000001_AU2AC01037,Master/Other,-0.7194157502890663,-0.6148822163576593
HEI_000514--000007_411209,Master/Other,-0.1748012305922591,-0.07901074917368854
HEI_000332--000003_411209,Master/Other,-0.20649267791001807,-0.1303237761750421
HEI_000400--000009_411209,Master/Other,-0.18623424679300046,-0.23399414903146637
HEI_000687--000003_410301,PhD,0.5318155169220897,0.25743902333017193
HEI_000354--000006_410206,Master/Other,-0.1883342745355813,-0.08560054608530615
HEI_000572--000002_410206,Master/Other,-0.20141222157532002,-0.47489702160252617
HEI_000363--000008_411209,Master/Other,-0.20173242934873092,-0.08844050499545965
HEI_000472--000011_410206,Master/Other,-0.16954248144223766,-0.12858762056147924
HEI_000393--000002_411209,Master/Other,-0.35334817048279865,-0.16819902820077812
HEI_000626--000002_410301,PhD,-0.22980763122829165,-0.10033418917700604
HEI_000458--000003_411209,Master/Other,-0.17805705132616753,-0.1090902648823619
HEI_000493--000003_411209,Master/Other,0.14018679476555576,0.14208940472040418
HEI_000639--000004_411209,PhD,2.135360025534676,-1.1315387927733866
HEI_000372--000010_410206,Master/Other,-0.20822852562784164,-0.14705131192802284
HEI_000396--000007_410206,Master/Other,-0.21450372383839966,-0.1053574954311675
HEI_000645--000002_410301,PhD,-0.941457070938624,-1.1017155020464502
HEI_000454--000007_410206,Master/Other,-0.2162668884841671,-0.003112205906853097
HEI_000436--000003_410301,Master/Other,-1.4396260569293526,-1.4252368349884028
HEI_000648--000002_411209,PhD,-0.5369447758164658,-0.3613807624084936
IHEID_000702--000001_410206,PhD,-0.23385440683983705,-0.062360591549014056
HEI_000406--000012_411209,Master/Other,-0.48639370751356625,-0.21505865430130944
HEI_000497--000002_410301,Master/Other,-0.47421580647907596,-0.3063628770868503
HEIBR_008311_410206,Master/Other,-0.21107330949613007,-0.012657638742936109
HEI_000519--000007_411209,Master/Other,-0.19315607462076156,-0.0759186041657333
HEI_000492--000007_410206,Master/Other,-0.24771362695077068,-0.10732558157095291
HEI_000510--000006_411209,Master/Other,-0.33295161712559435,-0.2687661129670725
HEI_000683--000002_410301,PhD,-3.5064806491718765,5.571517678089814
HEI_000359--000006_410206,Master/Other,-0.22123252644769456,-0.2789174668504383
HEI_000397--000003_411209,Master/Other,-0.20503682983145616,-0.10135678330486439
HEI_000622--000003_410301,PhD,-0.5086559030457113,-0.09395482620358049
HEI_000347--000004_411209,Master/Other,-0.2824331468166423,-0.3886358649893216
HEI_000568--000001_411209,PhD,-0.1313878094440855,-0.17842170648217828
HEI_000485--000004_411209,Master/Other,-0.2160579738742608,-0.0450602132485328
HEI_000691--000004_410301,PhD,-0.1847054483884264,-0.0981701682069376
HEI_000432--000002_410301,Master/Other,-0.19702712642050121,-0.10629693542166344
HEI_000402--000013_411209,Master/Other,3.0109652132561777,-0.7971228468480607
HEI_000463--000009_410301,Master/Other,1.5982880519368114,-1.7911351094570003
HEI_000385--000005_411209,Master/Other,-0.270436178057872,-0.1462099084547023
HEI_000399--000014_411210,Master/Other,2.90713798310677,1.1626610474975785
HEI_000634--000004_411209,PhD,-0.23435215259201414,-0.10403251428396504
HEI_000376--000011_410206,Master/Other,-0.24117272571192636,-0.07295199482093774
HEI_000443--000004_410301,Master/Other,-0.19884813256310752,0.009567590661247164
HEI_000515--000003_410206,Master/Other,-0.14060055753613587,-0.26172117320701044
HEI_000355--000002_411209,Master/Other,-0.19481107608150938,-0.08706451573002233
HEI_000392--000006_410206,Master/Other,0.630311203123876,0.413417033235202
HEI_000506--000001_410301,Master/Other,-0.14872708956166317,-0.10136941145165801
HEI_000459--000007_410206,Master/Other,3.382076824349909,1.9263896797449769
HEI_000450--000006_410206,Master/Other,-0.9807749587740613,0.06056613404158676
HEI_000329--000004_410301,Master/Other,-0.19448764118070017,-0.07135203420092519
HEIBR_010287_410301,Master/Other,-0.1519375876343626,-0.06913436979738947
HEI_000369--000010_410301,Master/Other,-0.21496027259369613,-0.13425673260022414
HEI_000503--000003_410301,Master/Other,-0.20901152739757123,-0.13405327989982235
HEI_000433--000001_411209,Master/Other,-1.2740605533738092,-0.22228737643933497
HEI_000507--000002_411209,Master/Other,-0.19832629176453942,-0.09561720076297121
IHEID_000703--000002_410206,PhD,-0.18243276117511628,-0.153476521593074
HEI_000328--000007_411209,Master/Other,-0.19436199520794092,-0.0924104259540783
HEI_000475--000009_410206,Master/Other,-0.17117763939391634,1.4545193404480206
HEI_000649--000001_411209,PhD,-3.175923722226008,-4.457658733213148
HEI_000380--000007_411209,Master/Other,-0.2019200673564249,-0.09542384537232249
HEI_000442--000007_411209,Master/Other,-0.44935591579525724,-0.22665227138325098
HEI_000342--000006_411209,Master/Other,-0.2955239293403194,-0.1808080044456628
HEI_000375--000008_410206,Master/Other,3.1211427826624254,1.248994257362522
IHEID_000697--000004_410301,PhD,3.789677553489801,-4.910162726384055
HEI_000469--000011_410301,Master/Other,-0.17277415421350378,0.0992692978549201
HEI_000484--000007_410301,Master/Other,2.337330181569263,0.7163775879507508
HEI_000622--000004_410206,PhD,-0.9096671988853449,1.898749316030054
HEI_000471--000008_410206,Master/Other,-0.2048016106012572,-0.10607095350850186
HEI_000481--000002_410206,Master/Other,-0.26036258231678966,-0.07761413924502125
HEI_000565--000006_410206,Master/Other,-0.20880864426093018,-0.3829979737227533
HEI_000644--000001_411209,PhD,-0.20459403023777928,-0.06826762080930746
IHEID_000368--000008_410301,Master/Other,-0.20550766910050686,-0.15324038207287155
HEI_000407--000011_410301,Master/Other,-0.16450075520987922,0.08133174033784259
HEI_000358--000005_410206,Master/Other,-3.3895638739749665,-3.1683722582338434
HEI_000518--000004_411209,Master/Other,-0.6418540906255494,0.11157442236562433
HEI_000337--000001_411209,Master/Other,-0.21274390490074843,-0.19260148903332042
HEI_000511--000005_411209,Master/Other,-0.030648456557145126,0.14340627620316693
HEI_000564--000002_410301,Master/Other,-0.1989051564973999,-0.08998697850404852
HEI_000627--000001_411209,PhD,-0.19322712303139286,-0.09302104568466675
HEI_000365--000014_410206,Master/Other,-0.21561227772879984,-0.35470189170995475
HEI_000450--000001_410301,Master/Other,-0.20203912328654985,-0.1105282778475268
IHEID_000702--000006_411209,PhD,-0.22868788711472185,-0.20530762299468538
HEI_000569--000002_411209,PhD,-0.1969989851252931,-0.09630050348833519
HEI_000641--000004_410206,PhD,-0.16738595542916396,-0.08458631442786047
HEI_000381--000003_410206,Master/Other,-0.1952507936482541,-0.08928906920624709
HEI_000388--000002_410206,Master/Other,-1.1733477158623309,2.6138379417479918
HEI_000531--000008_411209,PhD,-0.20027849616827959,-0.10642880153619778
HEI_000395--000005_411209,Master/Other,0.06721178103210564,-3.065879294791265
HEI_000371--000012_411209,Master/Other,-1.537375681350919,5.021014759669102
HEI_000490--000001_410206,Master/Other,-0.22428906542563556,-0.04290487560609313
HEI_000352--000001_410206,Master/Other,-0.18156341904220735,-0.06589645813998239
HEI_000681--000004_410301,PhD,-0.2015448042327749,-0.09915713949826835
HEI_000655--000002_411209,PhD,2.573518171214269,1.8915007744125099
HEI_000398--000005_410301,Master/Other,0.0026718085285679597,-0.17146250044001016
HEI_000350--000012_411210,Master/Other,-0.20281281264712828,-0.07944931934713442
HEI_000642--000001_410206,PhD,-0.19015897747175348,-0.019067238671219563
HEI_000453--000004_410301,Master/Other,1.8723616317691587,0.0929737559957988
HEI_000477--000008_411209,Master/Other,-0.208979496679873,-0.15155679548578987
HEI_000632--000003_410301,PhD,3.1532276328886226,1.8965689237486762
HEI_000689--000001_410206,PhD,-0.2102745474580727,-0.0965309898521803
HEI_000377--000009_411209,Master/Other,-0.20530451253465512,-0.11862587356536754
HEI_000353--000005_410301,Master/Other,-0.2133805340158789,-0.2796580731257459
HEI_000566--000003_410206,Master/Other,-0.039813603101552505,0.7588741608857522
HEI_000363--000014_411209,Master/Other,-0.2310308762519419,-0.15699297762184394
HEI_000621--000001_410206,PhD,-0.19599986320287854,-0.0880352730198156
HEI_000500--000006_411209,Master/Other,1.4983758995518044,-7.804527506285642
HEI_000326--000002_411209,Master/Other,-0.1258963698254438,-0.04559479165670109
HEI_000399--000001_410206,Master/Other,-1.6118702533928315,-1.1421214283337557
HEI_000367--000015_410301,Master/Other,-0.20722277778785186,-0.0691659093838786
HEI_000448--000003_410301,Master/Other,-1.050420260888319,0.752739079124274
IHEID_000713--000005_411209,PhD,-0.1911143646507151,-0.22139287864398233
HEI_000578--000001_411209,PhD,-0.20334000950026332,-0.10010287506981572
HEI_000444--000007_410206,Master/Other,-0.20581101037508154,1.333277786816129
HEI_000378--000013_410301,Master/Other,-0.20631784052554766,-0.06102232195072358
HEI_000341--000003_411209,Master/Other,-0.05296697544617854,-0.16295857340126838
HEI_000327--000006_410206,Master/Other,-0.4749014558010946,-0.3528987207347665
HEI_000473--000009_411209,Master/Other,-0.190622126070845,-0.1283385442327802
HEI_000457--000005_410301,Master/Other,-0.20302831889446957,-0.09204763778886757
HEI_000391--000004_411209,Master/Other,-0.23539216957117942,-0.1174793084021262
HEI_000487--000002_410301,Master/Other,-0.0961262525997259,0.03663940284143897
HEI_000330--000005_411209,Master/Other,-0.22247413913878228,-0.054957611638667615
HEI_000399--000008_411210,Master/Other,-0.2155379640268483,-0.08975033972967852
HEI_000516--000001_411209,Master/Other,2.3145188071963836,-2.8324262839640446
IHEID_000699--000001_411209,PhD,-0.19611221726615594,-0.08766463370727198
HEI_000339--000004_411209,Master/Other,0.14938770389764283,-0.6595830112802584
HEI_000375--000013_411209,Master/Other,-0.9499897360317981,-0.3808935088801086
HEI_000685--000005_410301,PhD,0.007351550770030498,-0.9055727446647485
HEI_000658--000002_411209,PhD,-0.19129126204442606,-0.0778732275357375
HEI_000469--000003_411210,Master/Other,-0.2430062552695447,-0.023970700832845703
HEI_000394--000001_410206,Master/Other,-0.21020053654666826,-0.09458004681176284
HEI_000456--000001_410206,Master/Other,-0.06495148980871306,-0.006906956515825864
IHEID_000717--000004_411209,PhD,3.2250265608367044,-1.357613756344705
HEI_000491--000005_411209,Master/Other,-0.2176180253489606,-0.28716191297537297
HEI_000445--000003_410301,Master/Other,-0.17364077638082134,-0.038862520363016545
HEI_000387--000003_410301,Master/Other,-0.2608366861091761,-0.06408739611974965
HEI_000441--000002_411209,Master/Other,-0.19820086012044383,-0.19437938071353014
IUED_000264--001624_410206,PhD,-0.17817550054955747,-0.04206403536497604
HEI_000684--000001_410206,PhD,-0.19671643835184116,-0.0876653918922744
HEI_000373--000008_411209,Master/Other,-0.19647444679656093,-0.0899738160591165
HEI_000478--000012_410301,Master/Other,-0.20000247278649674,-0.1081785998035444
HEI_000486--000006_410206,Master/Other,-0.19240941215986995,-0.08489340365453024
HEI_000504--000007_411209,Master/Other,-0.23693459105527565,-0.05654856276501369
HEI_000352--000006_410301,Master/Other,-0.20146665425743418,-0.0914014614363709
HEI_000490--000006_410301,Master/Other,-0.21644944961835189,-0.013535317496614525
HEI_000508--000004_411209,Master/Other,-0.21958975774277809,-0.11539419008623161
HEI_000483--000004_410206,Master/Other,-0.1976503446222615,-0.14466652173311692
HEI_000474--000011_410301,Master/Other,-0.19246513856704128,-0.08652832674618738
HEI_000456--000012_AU2AC01037,Master/Other,-0.19330530533559326,-0.0768493283942806
HEI_000348--000005_410206,Master/Other,-0.2547803895819784,-0.07691374954736661
HEI_000361--000009_410206,Master/Other,-0.27796872911902326,-0.10053712544642947
HEI_000470--000010_411209,Master/Other,-0.24095339867156634,-0.17766854711258925
HEI_000356--000007_411209,Master/Other,-0.2595215329097889,-0.0562492918243947
HEI_000516--000006_410206,Master/Other,-0.3855074112587214,-0.21565337035839163
HEI_000494--000007_411209,Master/Other,-0.06869120196127362,-0.0280403761974119
IHEID_000712--000006_411209,PhD,-0.20109975720723805,-0.07833688252983739
IHEID_000704--000001_410301,PhD,-0.14731050996543757,-0.05329085669253688
HEI_000394--000006_411209,Master/Other,3.937858581899434,-1.751751596028884
HEI_000439--000002_410206,Master/Other,-0.21654945305734966,-0.05854909206609111
HEI_000353--000002_410206,Master/Other,-0.20190882280844666,-0.09631819458947474
HEI_000461--000008_410206,Master/Other,-0.17974344248369287,0.038007017236839184
HEI_000513--000003_411209,Master/Other,-0.19606116129401033,-0.09009954354644033
IHEID_000695--000002_411209,PhD,-0.11577605401423534,0.05003388386472585
HEI_000441--000005_410206,Master/Other,-0.5469582739038852,-0.5771573094948115
HEI_000562--000005_411209,Master/Other,-0.2544550933182228,-0.12234368195487019
HEI_000643--000002_410206,PhD,-0.15622558443078238,-0.10037133379732377
HEI_000438--000006_411209,Master/Other,-0.11207470677449502,0.08045389784315356
HEI_000365--000008_410206,Master/Other,0.35635788798892754,0.2847278140268884
HEI_000431--000007_411209,Master/Other,-0.15156690796168984,-0.10607586035277501
HEI_000574--000002_411209,PhD,-0.1861297805230597,-0.09032348074528378
HEI_000512--000007_410206,Master/Other,-0.19772917551996225,-0.08763151755837323
HEI_000499--000007_411209,Master/Other,-0.07837216319185798,0.006645983031682095
HEI_000685--000002_410206,PhD,0.2119874121061738,-1.4123298205569237
HEI_000382--000001_411209,Master/Other,-0.30099434290100596,-0.1690508301033207
HEI_000637--000001_410301,PhD,2.504847260189992,1.1889005580974559
IHEID_000701--000004_410206,PhD,-0.19013438478937159,-0.09650200251475624
HEI_000521--000008_410301,Master/Other,2.553686960656701,0.6105485474051301
HEI_000505--000004_411209,Master/Other,-0.17792834927952678,-0.09658081955336899
HEI_000366--000016_411209,Master/Other,-1.240180919045763,-0.48706423424772527
HEI_000435--000006_410301,Master/Other,-1.43126383892387,-4.883813464363362
HEI_000689--000006_411209,PhD,-0.25789984567010416,-0.3446064941711417
HEI_000654--000001_410301,PhD,-0.25886428141501305,-0.17544749078185773
HEI_000326--000005_410206,Master/Other,-0.178893219580337,-0.07334018951859905
IHEID_000709--000001_410301,PhD,-0.44967407628703554,0.9899526231988574
HEI_000659--000001_411209,PhD,-0.16887457508299944,-0.02986164453457228
HEI_000338--000007_411209,Master/Other,-0.2097596699626236,-0.10374422423144827
IHEID_000698--000002_411209,PhD,-0.22894440147227182,-0.10032860137581
HEI_000666--000003_410206,PhD,-0.20535130155185724,-0.11225284341679768
HEI_000547--000004_411209,PhD,-0.18578879745852028,-0.07152944480261439
HEI_000314--000007_410301,Master/Other,-0.18848160557361182,-0.08251751077687121
HEI_000399--000006_411210,Master/Other,-0.18923172314350578,-0.06576009164799745
HEI_000532--000003_410301,PhD,-0.18452537004973238,-0.1323287672883294
HEI_000589--000001_410206,PhD,2.798544384594987,0.8858156417340709
HEI_000493--000011_410301,Master/Other,-0.1535678223920153,-0.10693396918908823
HEI_000536--000002_411209,PhD,-0.17214230866520397,-0.09406459280277939
HEI_000318--000004_AU2AC01037,Master/Other,-0.14843511268625786,-0.09393456457780708
HEI_000559--000006_410206,Master/Other,-0.22395880030855786,-0.15491026320533277
IHEID_000728--000001_410301,PhD,-0.6907888249648734,0.8541100353138955
HEI_000436--000011_411209,Master/Other,-1.3908789104184125,-2.6609698839559486
HEI_000373--000006_411209,Master/Other,-0.22102945435331733,-0.1854425749852217
HEI_000529--000004_410301,PhD,-0.1621874730014126,-0.01474865817359055
HEI_000486--000008_410206,Master/Other,-0.20071529045847336,-0.09739584674970025
HEI_000504--000009_411209,Master/Other,-0.04167939711079235,0.06830829082756915
HEI_000520--000005_410301,Master/Other,-0.15594905495420433,0.09646271210322503
HEI_000397--000011_411209,Master/Other,-0.2831984064986434,-0.21589413681134487
HEI_000458--000011_410301,Master/Other,-0.26769116599875337,-0.09580591253390662
HEI_000364--000005_410206,Master/Other,3.3367200301249156,-0.18467439094805066
IHEID_000720--000004_410206,PhD,-0.21628220408478807,-0.09622621430600431
HEI_000389--000013_410206,Master/Other,-0.8251079982919618,1.1078410488067107
HEI_000461--000001_411209,Master/Other,-0.22265861477450646,-0.09927810661677663
HEI_000380--000012_410206,Master/Other,-0.20050390579629587,-0.08943638877181347
HEI_000372--000002_410206,Master/Other,-0.21383652559886232,-0.11172216255727659
HEI_000382--000008_410206,Master/Other,-0.19126635894666863,-0.07859287909694489
HEI_000402--000001_410301,Master/Other,-0.10816100135261068,0.0065335015024211365
HEI_000675--000001_411209,PhD,-5.430683438011359,-5.490342250455973
HEI_000502--000012_410301,Master/Other,-0.19285708592991846,-0.09169681970338675
HEI_000477--000006_411209,Master/Other,-1.920544846352706,1.9893937261465129
HEI_000460--000005_410206,Master/Other,-0.19831418750663438,-0.10578284791698327
HEI_000355--000010_410301,Master/Other,-0.195513141797842,-0.11408301901331294
HEI_000497--000010_410301,Master/Other,1.2442400954307162,0.9887535268896607
HEI_000678--000001_410301,PhD,-0.18936730578544286,-0.06468808704802821
HEI_000601--000002_410206,Master/Other,4.199779416501392,-0.9374050344903397
HEI_000384--000013_410206,Master/Other,-1.0545263799819453,-0.44627658809050724
HEI_000581--000004_411209,Master/Other,-0.24183668246997572,-0.11354108502148953
HEI_000377--000007_411209,Master/Other,-0.19943669863544541,-0.2150397243537883
HEI_000558--000002_411209,PhD,-1.5473998739542643,-0.39038411201533757
HEI_000451--000010_411209,Master/Other,-1.1303466201966916,-1.2577520358621597
HEI_000500--000008_411209,Master/Other,0.13850144157279692,0.0659173363761194
HEI_000509--000009_411209,Master/Other,0.0859531379597405,-0.020139933457381545
HEI_000554--000001_411209,Master/Other,-0.1871920772489174,-0.059120336600657276
HEI_000464--000003_410301,Master/Other,-0.19588263479219195,-0.07561268009511248
HEI_000613--000003_411209,PhD,0.7058551379858097,0.3376545906074902
HEI_000521--000006_410301,Master/Other,-0.1953398262268521,-0.12178969440258162
HEI_000435--000008_410301,Master/Other,-0.18490267684703854,-0.0643773570422978
IHEID_000721--000007_410206,PhD,0.07718166624186511,0.041785556249360985
HEI_000431--000009_411209,Master/Other,0.21637236517474226,-0.4951337969664544
HEI_000438--000008_411209,Master/Other,-0.19100767084067413,-0.08868508474705425
HEI_000365--000006_410206,Master/Other,-0.19968238737207245,-0.09334700311137642
HEI_000352--000008_411209,Master/Other,-0.24039318750133598,-0.0775327493416612
HEI_000443--000011_410206,Master/Other,0.06074405922729859,-1.180656597410382
HEI_000499--000009_411209,Master/Other,-0.22884165175850238,-0.10355429716358228
HEI_000617--000002_410301,Master/Other,-0.20196037051153998,-0.09317520760806988
HEI_000512--000009_410206,Master/Other,-0.21224888187600224,-0.12942102621816412
HEI_000360--000003_411209,Master/Other,-0.1546322872275248,-0.009254981857397947
HEI_000546--000007_411209,PhD,-0.19897794501979887,-0.09142309795217478
HEI_000588--000002_410206,Master/Other,-0.2190588857024525,-0.09178669376707813
HEI_000403--000002_411209,Master/Other,-0.16330370203210867,-0.10909393655079204
HEI_000581--000003_410206,PhD,-0.20304778088602077,-0.11036985236823982
HEI_000320--000005_AU2AC01037,Master/Other,-0.21384860391566413,-0.17413384736559534
HEI_000674--000002_410301,PhD,-0.5083481606215758,0.5041705683689374
HEI_000551--000004_410206,PhD,-0.18814867727821794,-0.033515072864396755
HEI_000472--000004_411209,Master/Other,-0.2115059161729519,0.011589134054621754
HEI_000507--000010_410301,Master/Other,-0.17056294199801014,-0.39717680678635753
HEI_000357--000004_411210,Master/Other,-0.09571234233479681,-0.03894840242494303
HEI_000361--000007_410206,Master/Other,-0.22176118028087652,-0.08225519190684928
HEI_000356--000009_411209,Master/Other,-0.29766592797562313,-0.19319939588434562
HEI_000516--000008_410206,Master/Other,-0.16880527689071864,-0.1587219027642816
HEI_000494--000009_411209,Master/Other,-0.4330473054985372,0.841284377413719
HEI_000376--000004_411209,Master/Other,-0.2643688854127814,-0.37887104174679015
HEI_000559--000001_411209,PhD,-0.1949571090285617,-0.09577590335098572
HEI_000490--000008_410301,Master/Other,-0.20312302815949676,-0.09048226724771119
HEI_000392--000013_411209,Master/Other,-0.7903489358203027,-0.18087679460593142
HEI_000525--000007_410301,Master/Other,-0.2452574320192052,-0.13800472085044727
HEI_000345--000002_411210,Master/Other,-0.25094085243810105,0.014269829835237472
HEI_000359--000013_411209,Master/Other,-0.20807554224377536,-0.08393854292816844
HEI_000476--000005_411209,Master/Other,-0.1931550059618084,-0.0560231470432546
HEI_000369--000002_410301,Master/Other,-0.09419937119890916,0.28224060869654677
HEI_000592--000001_411209,Master/Other,-0.22217684227232215,-0.11092410271749661
HEI_000524--000003_410206,Master/Other,-0.1917359298385031,-0.16600963852516346
HEI_000334--000004_411210,Master/Other,-0.15473306045505766,-0.005882760950004372
HEI_000542--000006_411209,Master/Other,-0.3993106229042496,-0.5316426554966335
HEI_000394--000008_411209,Master/Other,-0.29985858363424023,0.09889813858049276
HEI_000485--000011_410206,Master/Other,-0.12662727850798033,2.315674615245654
HEI_000670--000003_410301,PhD,-0.33523472334915366,-0.927235013498132
HEI_000407--000003_411209,Master/Other,-0.028576794632366394,-0.07260959110162112
HEI_000679--000002_410301,PhD,-0.1852233620060987,-0.08748846928209424
HEI_000537--000001_410301,PhD,-0.1330608164043898,0.04343613924685221
HEI_000539--000004_411209,PhD,-0.23152834292353527,-0.1955302198246574
HEI_000379--000005_410206,Master/Other,-0.0113106752946957,-0.08944198729320246
HEI_000492--000009_410206,Master/Other,-0.2185982985054284,-0.0992787264097023
HEI_000510--000008_411209,Master/Other,-0.685175596450922,0.7831132720732492
HEI_000383--000010_411209,Master/Other,0.09336403694121262,0.011000762184752474
HEI_000462--000003_410206,Master/Other,-0.2107164009410457,-0.14428946619599892
HEI_000359--000008_410206,Master/Other,-0.20095496255437167,-0.07356306583795849
HEI_000367--000007_411209,Master/Other,-0.19498607643682328,-0.08996104727687183
HEI_000548--000002_411209,PhD,-0.21254494707776847,-0.18530267702560035
HEI_000508--000011_410206,Master/Other,-0.20126702816544217,-0.09760890523241086
HEI_000362--000002_410206,Master/Other,-0.19943751273471705,-0.09876785161967369
HEI_000501--000010_410206,Master/Other,-0.24742542332919779,-0.07980479771849244
HEI_000392--000008_410206,Master/Other,-0.20931170899194282,-0.10053601088465397
HEI_000450--000008_410206,Master/Other,-0.22332827061363536,-0.12854530539288486
HEI_000348--000010_411209,Master/Other,-0.5298971219508456,-0.3890886244886275
HEI_000459--000009_410206,Master/Other,-0.20213781425718755,-0.13009631497298785
HEI_000403--000010_411210,Master/Other,-0.04547989102480903,-0.243497742970677
HEI_000668--000001_410301,PhD,-0.2500167711527829,-0.2346623512237373
HEI_000553--000005_411209,Master/Other,-0.23718986801574374,-0.18045711328751085
HEI_000496--000008_410206,Master/Other,-0.20376644285893328,0.037295588940979355
HEI_000400--000007_411209,Master/Other,-0.16768715639379944,-0.2339272219589576
HEI_000545--000002_411209,Master/Other,1.497751385154476,-2.9023655829028177
HEI_000363--000006_411209,Master/Other,-1.0542366486718997,1.768002999281541
HEI_000523--000007_410206,Master/Other,-0.27615704923384066,-0.03729635764061591
HEI_000431--000012_AU2AC01037,Master/Other,-0.1982621277686751,-0.1133629298295671
HEI_000541--000003_410301,PhD,-0.13565546291469124,0.05427722777174669
HEI_000471--000001_411209,Master/Other,-0.14157682590115803,-0.06653086977862345
HEI_000534--000004_411209,PhD,-0.5524894511287671,-2.0036340734531577
HEI_000615--000003_410206,PhD,3.9888383212068783,0.04988194069845084
HEI_000519--000009_410301,Master/Other,-0.05255383727602655,-0.0032989754152398126
HEI_000311--000006_AU2AC01519,Master/Other,-0.20236055395133315,-0.09606382583443644
HEI_000404--000006_410301,Master/Other,-0.1770083357820527,0.03875627220736126
HEI_000552--000001_410206,Master/Other,-0.242625687275204,-0.2826373373625166
HEI_000599--000001_410206,PhD,-0.15354548279257454,-0.0868977938027812
HEI_000665--000001_410301,PhD,-0.26482794951582395,2.002634461616621
HEI_000319--000005_AU2AC01519,Master/Other,-0.2029133519734425,-0.10588714228893048
HEI_000522--000003_410301,Master/Other,3.1143297377067913,0.23175980914922403
HEI_000317--000005_410206,Master/Other,-0.21369147504639024,-0.12518098059587102
HEI_000583--000002_410301,Master/Other,-0.21139574603326547,-0.09142454154141588
HEI_000676--000003_410206,PhD,-1.2216298286437721,-2.409110285183462
HEI_000378--000001_411209,Master/Other,-0.2523359453292252,-0.15958490556802818
HEI_000463--000007_411209,Master/Other,-0.2262975399047525,-0.09435833444270592
HEI_000382--000014_410206,Master/Other,0.029720669024810062,0.25047117762342086
HEI_000396--000009_410206,Master/Other,-0.20782530142030262,-0.13260657733477937
HEI_000487--000010_411209,Master/Other,-0.205478594968621,-0.13162991008617328
HEI_000540--000007_410206,Master/Other,-0.9026937168618016,-2.8969124535226145
HEI_000366--000003_410206,Master/Other,-0.21742402129357347,-0.16349137999500413
IHEID_000934--000007_410206,PhD,-0.4324973199145345,1.0331988678411668
HEI_000454--000009_410206,Master/Other,-0.2084516469662195,-0.09785907202062794
HEI_000582--000001_411209,Master/Other,3.52388932930722,-0.9787607431783603
HEI_000370--000003_410301,Master/Other,0.5564678730416859,0.5777131867061635
HEI_000482--000012_411209,Master/Other,0.049359417848002886,1.992397624952809
HEI_000471--000006_410206,Master/Other,-0.1726317670279073,0.01849928751557464
HEI_000595--000002_410206,Master/Other,-0.17432068539416237,-0.0723429724029432
HEI_000324--000004_411210,Master/Other,-0.2018082662293415,-0.09747022509153658
HEI_000495--000011_410206,Master/Other,-0.20001476436787735,-0.09164963778701768
HEI_000517--000010_411209,Master/Other,-0.2046183976983988,-0.02273059336237612
HEI_000673--000001_410206,PhD,-0.21539751238618274,0.02571882065044438
IHEID_000368--000006_410301,Master/Other,-0.028100683812868135,-0.09239774989486148
HEIBR_009666_411209,Master/Other,-0.19310054612127478,-0.1153936360070723
HEI_000474--000003_411209,Master/Other,-0.1602181502014596,-0.07640833773068942
HEI_000362--000005_410301,Master/Other,-4.729390559935853,4.810462471440407
HEI_000557--000003_410206,PhD,0.3096283720756324,-0.41359936362657834
HEI_000531--000006_411209,PhD,1.3325175880308062,1.0340695746404414
HEI_000405--000005_411209,Master/Other,-0.13736538536954604,0.17404209944550894
HEI_000313--000005_AU2AC01519,Master/Other,-0.22371616146271006,0.5603470902954463
HEI_000470--000002_410301,Master/Other,-1.2116711923591912,-0.03970459359459045
HEI_000479--000003_410301,Master/Other,-0.19592666274590353,-0.09058612292695455
HEI_000475--000007_410206,Master/Other,-0.1978488277227579,-0.06990222273429673
HEI_000439--000010_410206,Master/Other,-0.17959636372213192,-0.02322118664103788
HEI_000394--000014_411209,Master/Other,-0.3792505283494261,-0.39006935528519626
HEI_000664--000002_410301,PhD,-0.2006935886281735,-0.07992325933844652
HEI_000380--000009_411209,Master/Other,-0.29914357203064207,-0.17248109523570007
HEI_000530--000002_410206,PhD,-0.2066467092285104,-0.0885634179957923
HEI_000442--000009_411209,Master/Other,-0.2148741199561578,-0.06279467525236476
HEI_000466--000005_410301,Master/Other,-0.1551138754562772,0.12499709666495239
HEI_000353--000010_410206,Master/Other,-0.1270284952939639,-0.07724265489244982
HEI_000374--000002_410301,Master/Other,-0.21141352080232617,-0.10106262767398708
HEI_000769--000011_411209,Master/Other,-0.35383893521852267,-0.16132917377694656
HEI_000446--000004_AU2AC01037,Master/Other,2.833025877735087,-0.8603605307344147
HEI_000527--000001_411209,PhD,-0.08379760945675359,-5.3479533630665275
HEI_000351--000003_411210,Master/Other,1.8355911613173397,0.15737617058473782
IHEID_002485--000005_410301,PhD,-0.18224818217391958,-0.10170586673477917
HEI_000390--000015_410301,Master/Other,-0.14540570895399452,-0.05608008174511125
HEI_000660--000003_411209,PhD,2.0999352697339786,1.8277461056594113
HEI_000408--000005_411209,Master/Other,-0.01777208541145568,-0.15185741146434964
HEI_000401--000004_411209,Master/Other,-0.20107515619661528,-0.09945461963857645
HEI_000467--000001_410206,Master/Other,-0.19687748787251333,-0.11956842293898824
IHEID_000726--000004_411209,PhD,0.4512461803125448,3.454275903907994
HEI_000484--000009_410301,Master/Other,-0.5430105397598584,-0.8103518319205933
HEI_000398--000010_410206,Master/Other,-0.0824138990253559,-0.027896680755019217
HEI_000549--000001_410301,Master/Other,-0.40241095044986774,0.1835418487336402
HEI_000449--000012_410301,Master/Other,-0.37756377558694293,0.3664287016412638
HEI_000553--000002_410206,PhD,-0.19646195344185188,-0.09278314839934582
HEI_000375--000006_410206,Master/Other,-0.20334295540734612,-0.08641968853946848
HEI_000313--000003_411209,Master/Other,-0.15388685975475316,-0.0754054205382418
HEI_000505--000007_410301,Master/Other,0.1665792576879402,1.4833436642659366
HEI_000357--000009_411210,Master/Other,-0.630742464125695,1.6291090614463213
HEI_000642--000005_410301,PhD,-0.19611919677954862,-0.10896052736865754
HEI_000579--000001_411209,PhD,-0.19013852417831434,-0.060497392007154455
HEI_000352--000005_410301,Master/Other,-0.1383364455911106,-0.05486532601087502
HEI_000386--000003_411209,Master/Other,-0.17068434052756704,-0.07395017061014474
HEI_000490--000005_410301,Master/Other,-0.1920315037753775,-0.1235656693036639
HEI_000327--000002_411209,Master/Other,-0.18350872497824633,-0.06494255793253798
HEI_000483--000007_410206,Master/Other,-1.7029841140482016,-0.4631361504174049
HEI_000508--000007_411209,Master/Other,-0.19678741517196524,-0.07354479745122948
HEI_000646--000004_411209,PhD,0.48637029229644946,0.5416078299567809
HEI_000348--000006_410206,Master/Other,-0.20088234747647446,-0.13230623649079423
HEI_000441--000006_410206,Master/Other,-0.5870375393517786,-1.2422387423602044
IHEID_002537--000004_410206,PhD,-0.2367300390708169,-0.017672617091429147
HEI_000322--000007_410206,Master/Other,-1.1169444648437892,-1.8687715538079945
HEI_000504--000003_410206,Master/Other,-0.04141623132988215,0.02274068919774029
HEI_000625--000004_411209,PhD,-0.18604742035747912,-0.05771469652203716
HEI_000476--000008_411209,Master/Other,-0.1796461431191213,-0.04632992527003322
HEI_000317--000007_AU2AC01037,Master/Other,-0.2969713662961105,-0.22574014196423461
HEI_000643--000001_410206,PhD,3.6419609611224355,1.6667308382477246
IHEID_000704--000002_410301,PhD,-0.18168146886131983,-0.08572272689937474
HEI_000340--000003_410301,Master/Other,1.8747455989603012,2.777744359583397
HEI_000439--000001_410206,Master/Other,3.17659120983017,-0.1311334662575338
HEIBR_007748_410206,Master/Other,-0.19262928925453215,-0.07959993463462887
HEI_000394--000005_411209,Master/Other,-0.19182423679073238,-0.08391287712582862
HEI_000322--000001_AU2AC01037,Master/Other,-0.16384271209721618,-0.36047239993360924
HEI_000353--000001_410206,Master/Other,5.096608718398302,-0.6382355898134718
IHEID_000695--000001_411209,PhD,-0.20242682639259144,-0.11900118761155648
HEI_000382--000002_411209,Master/Other,-0.16918982979833905,-0.07963105661751689
HEI_000685--000001_410206,PhD,-0.20653824169298843,-0.0953213264156322
HEI_000532--000009_410206,PhD,-0.18913003302893408,-0.09777872988576539
HEI_000494--000004_410301,Master/Other,-0.47603203552026024,0.17091037012649887
HEI_000449--000003_411209,Master/Other,-0.1905218537471482,1.0305553538861425
HEI_000637--000002_410301,PhD,1.558344002918766,1.4411044758585747
HEI_000366--000015_411209,Master/Other,-0.18929316499751933,-0.07948912439719014
IHEID_002944--000007_410206,PhD,-0.20350717508609928,-0.09617883896507325
HEI_000323--000003_411209,Master/Other,-0.19602304089030556,-0.09143584878717823
HEI_000435--000005_410301,Master/Other,-0.2096909550608144,-0.07412794615916186
HEI_000362--000014_410301,Master/Other,-0.18370667414290315,-0.09031860515788444
HEI_000431--000004_411209,Master/Other,-0.37708085764641264,-0.20538130364530435
HEI_000438--000005_411209,Master/Other,-0.19693067316201,-0.1351178795524857
HEI_000574--000001_411209,PhD,-0.2045873763744452,-0.1276676164487065
HEI_000512--000004_410206,Master/Other,-0.19680973611725772,-0.0870221338923407
IHEID_000716--000004_411209,PhD,-0.1782272817288734,0.13972326285183856
IHEID_000700--000003_410301,PhD,1.4834241491401485,-0.08255108771832671
HEI_000659--000002_411209,PhD,0.5725148903698406,2.119606010346692
HEI_000650--000003_411209,PhD,0.8286296634620296,1.173472679889755
IHEID_000698--000001_411209,PhD,-0.12098144292986975,0.2257085977155716
HEI_000338--000004_411209,Master/Other,-0.19722143770249104,-0.06354557203109737
HEI_000689--000005_411209,PhD,0.9264463335336625,1.592852943433067
HEI_000654--000002_410301,PhD,-0.18907646649659723,-0.08386715894185805
HEI_000509--000003_410206,Master/Other,-0.14240086753003203,0.040855101706870345
HEI_000472--000009_411209,Master/Other,-0.263548108834724,-0.1426814547244936
HEI_000482--000003_411209,Master/Other,-0.16571230706595994,-0.1600112508661487
HEI_000628--000004_411209,PhD,1.8720226167893839,1.1824635894293498
HEI_000442--000010_AU2AC01037,Master/Other,-0.08323079448111333,0.355362353074735
HEI_000349--000002_411209,Master/Other,-0.25462141236411123,0.6993374697092549
IUED_000269--001704_410206,PhD,1.4547303873830606,0.3917345692358883
HEI_000658--000001_410301,PhD,1.5546218672336645,0.7546456800975103
HEIBR_010250_411209,Master/Other,-0.21744509490215905,-0.10020645310319772
HEI_000350--000011_411210,Master/Other,-0.17940293761719156,-0.19325577014544895
HEI_000398--000006_410301,Master/Other,-0.6662458769909707,3.277181693531603
HEI_000453--000007_410301,Master/Other,-0.21992590175820076,-0.006211154347008511
HEI_000395--000006_411209,Master/Other,-0.13606935099568127,-0.024918527401040173
HEI_000490--000002_410206,Master/Other,1.1680753069775471,0.45960657961401435
HEI_000460--000008_410206,Master/Other,-0.15365236896751394,-0.22464763783242636
HEI_000633--000004_410206,PhD,1.9680100844295438,1.7836485021795927
HEI_000499--000003_410206,Master/Other,-0.23195254888839795,-0.10802883723838325
HEI_000371--000011_411209,Master/Other,-0.352291524701183,-0.1653797170659391
HEI_000655--000001_411209,PhD,-0.18202834061589265,-0.07132970857717905
HEI_000352--000002_410206,Master/Other,-0.20060007511265943,-0.09970125199571461
HEI_000399--000002_410206,Master/Other,-0.19502753390761424,-0.109026987719504
HEI_000390--000003_410206,Master/Other,-0.19430979884281543,-0.09829438711737468
HEI_000452--000003_410206,Master/Other,-0.17898820238798618,0.017014755276399812
HEI_000650--000004_410206,PhD,1.5826420135647745,2.105343663385391
HEI_000571--000003_411209,Master/Other,-0.19755704946172625,-0.1410119371057517
HEIBR_010311_410301,Master/Other,-0.19251317236137455,-0.1114680094426054
HEI_000353--000006_410301,Master/Other,-0.13373178711347022,-0.05304881420974069
HEI_000689--000002_410206,PhD,-0.24102818719972294,-0.15969589380871763
HEI_000326--000001_411209,Master/Other,-0.203746838448173,-0.007368283104853967
HEI_000500--000005_411209,Master/Other,-0.20066908768624034,-0.07533575930541463
HEI_000621--000002_410206,PhD,-0.4114180363741333,-0.39467532380131354
HEI_000391--000007_411209,Master/Other,-0.9138611698380497,-1.9916401548018658
HEI_000487--000001_410301,Master/Other,-0.31141748867549335,-0.1515052466091924
HEI_000375--000010_411209,Master/Other,-1.1412529964917297,-1.2502226656002071
HEI_000464--000009_410206,Master/Other,4.984963476168597,-0.6263931494007465
IHEID_000699--000002_411209,PhD,-0.18408472435698936,-0.10903200136413128
HEI_000516--000002_411209,Master/Other,2.507017735318357,0.7901542048852314
HEI_000330--000006_411209,Master/Other,-0.1948787893010538,-0.11300272626959408
HEI_000685--000006_410301,PhD,3.093155933079839,-1.5940051012568437
HEI_000356--000003_410206,Master/Other,-0.20323710923070193,-0.09926946353990858
HEI_000378--000010_410301,Master/Other,-0.20025555095908698,-0.15366904439096016
HEI_000444--000004_410206,Master/Other,-1.3054039432888538,6.543560539416539
HEI_000567--000004_411209,Master/Other,-0.21462940824886884,-0.12209998869174363
HEIBR_008880_410206,Master/Other,-0.20234786769329144,-0.11250209404533978
HEI_000457--000006_410301,Master/Other,2.501379031979079,0.34636290259789704
HEI_000327--000005_410206,Master/Other,-0.18504607311569116,-0.04205770919901367
IHEID_000713--000006_410301,PhD,-0.479413694920721,-0.08714151462508536
HEI_000441--000001_411209,Master/Other,-0.6444643032669771,-0.846378547072098
HEI_000578--000002_410301,PhD,-0.2061159319203825,-0.14253946480294966
IHEID_000368--000010_410206,PhD,2.4152520681915526,0.7533641876919325
HEI_000684--000002_410206,PhD,-0.20338361289371024,-0.0662307013236464
HEI_000434--000002_AU2AC01233,Master/Other,0.7278658247558629,0.9625630001377873
HEI_000478--000011_410301,Master/Other,-0.22462940438636925,-0.08337093658236679
HEI_000434--000006_410301,Master/Other,-0.7055528675611327,-0.9526966020660189
HEI_000486--000005_410206,Master/Other,-0.19750202340182635,-0.11337023668914908
HEI_000520--000008_410301,Master/Other,-0.19009591863587505,-0.15451601471290094
HEI_000394--000002_410206,Master/Other,-0.09778359735118135,-0.05030778962177643
HEI_000439--000006_411209,Master/Other,-0.1605436089408361,-0.0661140490084928
HEI_000364--000008_410206,Master/Other,-0.15876912000007232,-0.1725218560553265
HEI_000456--000002_410206,Master/Other,0.37212484584830013,0.01586363309351827
HEI_000370--000015_410206,Master/Other,5.054058123439536,10.58324738124664
HEI_000491--000006_411209,Master/Other,-0.2265375184467798,-0.03337159212176864
HEI_000507--000001_411209,Master/Other,-0.22932025699812536,-0.13138810326163855
HEI_000640--000003_411209,PhD,-0.18837147540989663,-0.04487019849558029
HEI_000380--000004_411209,Master/Other,-0.18569785557749557,-0.07805685705582491
HEI_000389--000005_411209,Master/Other,0.9195578593184698,2.1387173488954425
HEI_000442--000004_411209,Master/Other,-0.17935406042227267,-0.07686742120120585
HEI_000466--000008_410301,Master/Other,0.03968974673604118,0.07533067250820351
IHEID_000719--000002_410301,PhD,-0.19722096378528917,-0.10224002725465745
HEI_000350--000003_411209,Master/Other,-0.5169848256960179,-0.366885097194898
HEI_000462--000009_411209,Master/Other,-0.2068448075848702,-0.07554829851297123
IHEID_000696--000003_410206,PhD,-0.3408005162935972,-0.5656663542389511
HEI_000369--000013_410301,Master/Other,-0.16633528336399495,-0.07400719692329898
HEI_000325--000004_410301,Master/Other,-0.3004184668044904,-0.20823547140300558
HEI_000433--000002_411209,Master/Other,-0.07075457402668288,0.011436592843078327
HEI_000408--000008_411209,Master/Other,-0.18371910752521795,-0.010359544649988818
HEI_000319--000001_AU2AC01037,Master/Other,-0.10963058848222268,0.08633164941572247
HEI_000401--000009_411209,Master/Other,-1.4088695154671884,-1.070768463602217
HEI_000469--000012_410301,Master/Other,-0.16722386684986154,-0.06682771698397229
HEI_000311--000001_AU2AC01519,Master/Other,-0.19940574985478685,-0.09411769863664668
HEI_000515--000007_411209,Master/Other,-0.23773403940805182,-0.17718825004717256
HEI_000484--000004_410301,Master/Other,-0.16057464777176556,-0.09128352633770216
HEI_000569--000001_410301,Master/Other,-0.23417582287547922,-0.08457202985629812
HEI_000623--000003_411209,Master/Other,3.3661932886043964,1.320779697021797
HEI_000489--000004_411209,Master/Other,-0.2029271257070832,-0.15781034935195748
HEI_000342--000005_411209,Master/Other,3.136194786626752,1.3774459557268375
HEI_000385--000001_410206,Master/Other,-0.19716133340527242,-0.09969052433935104
HEI_000447--000001_410206,Master/Other,-0.19109230994614446,-0.06940725804448705
IHEID_000710--000003_411209,PhD,0.2551988244123218,-0.7098660215857052
HEI_000407--000012_410301,Master/Other,-0.1962567958052952,-0.09134420466671546
HEI_000635--000004_411209,PhD,-0.24024260514543505,-0.12861464850211843
HEI_000481--000001_410206,Master/Other,-0.23185929126145582,-0.16664152525240217
HEI_000644--000002_411209,PhD,-0.20712651188190825,-0.10885315170826858
IHEID_000714--000002_410301,PhD,-0.2220174396755512,0.3767762784087619
HEI_000459--000003_410301,Master/Other,3.119447794576483,0.11999223050255185
HEI_000320--000001_410206,Master/Other,-0.19790944568647406,-0.099643358501691
IHEID_000702--000005_411209,PhD,3.683177938544846,1.768449732883096
HEI_000450--000002_410301,Master/Other,-0.17862629260265972,-0.06421773080943693
HEI_000627--000002_411209,PhD,4.8492436603773355,0.21076056057730497
HEI_000362--000008_410301,Master/Other,-0.18645163107150237,-0.06645458554953569
HEI_000686--000003_411209,PhD,0.6927620204195325,-1.4634695529613981
HEI_000388--000001_410206,Master/Other,-0.16833262134772142,0.10612072680649835
HEI_000405--000008_411209,Master/Other,-0.1983192260545178,-0.09118433230182507
HEI_000358--000006_410206,Master/Other,-0.22174455167482118,-0.10527772953697544
HEI_000351--000007_410206,Master/Other,-0.18546767562213093,-0.0921167611186442
HEI_000511--000006_411209,Master/Other,-0.18084245373277555,-0.07331988194835438
HEI_000337--000002_411209,Master/Other,-0.19693798681318575,-0.10957984307146483
HEI_000518--000007_411209,Master/Other,-0.45678613638557547,-0.497789676002422
HEI_000454--000003_411209,Master/Other,-0.19571076471384932,-0.09678689171325901
IHEID_000706--000004_410301,PhD,-0.6756428106220946,0.8290659580861318
HEI_000564--000001_410301,Master/Other,-0.1384349000252259,-0.1825721248531343
HEI_000539--000009_410301,PhD,-0.20447224914670478,0.13787029640698248
HEI_000514--000004_411209,Master/Other,-0.1554300326553362,-0.03596946246994515
HEI_000496--000005_410206,Master/Other,-0.19811864276958827,-0.14335429591462978
HEI_000572--000001_410206,PhD,-0.13351034743373005,-0.6704700462813257
HEI_000354--000005_410206,Master/Other,-0.1921844539315658,-0.07528811705274052
HEI_000393--000001_411209,Master/Other,-0.20402023026208038,-0.15650423348301917
HEI_000561--000003_410301,Master/Other,-0.20387410073201087,-0.10611827168844892
HEI_000626--000001_410301,Master/Other,-0.23899174097361567,-0.061492228695402294
HEI_000565--000002_411209,Master/Other,3.930903783662919,0.3385406787213268
HEI_000488--000007_411209,Master/Other,-0.22718081380483074,0.1151162431199339
HEI_000481--000006_411209,Master/Other,-0.19742843052774378,-0.08658158658280227
HEI_000534--000009_411209,PhD,-0.5757344517670087,-0.992007849639044
HEI_000465--000011_411209,Master/Other,-0.19645427713087518,-0.08902307331043222
HEI_000346--000003_410206,Master/Other,-0.17679879806065488,-0.07275275210103177
IHEID_000702--000002_410206,PhD,-0.09777386506465778,-0.048589251285295024
HEI_000497--000001_410301,Master/Other,0.7032146743278099,1.0844979635673866
HEI_000317--000008_410206,Master/Other,-0.07035351675890975,0.03781537105248371
HEI_000406--000011_411209,Master/Other,-0.21163994952511092,-0.113018440944868
HEI_000372--000013_410206,Master/Other,-0.23952033065597353,-0.23927756777460693
HEI_000337--000005_410206,Master/Other,-0.13108494492948353,0.2330119614247565
IHEID_002227--000002_411209,PhD,-0.2183005617852682,-0.10767936679300104
HEI_000396--000004_410206,Master/Other,-0.19397028004976014,-0.1025407349297821
HEI_000432--000001_411209,Master/Other,-0.15696549720410702,-0.011000896991665192
HEI_000568--000002_411209,PhD,2.8240339333931015,-1.046351332510772
HEI_000347--000007_411209,Master/Other,-0.19019167700932432,0.11259085831158176
HEI_000485--000007_411209,Master/Other,-0.1905927774721253,-0.04236920498887123
HEI_000364--000014_410206,Master/Other,1.3425571402554666,3.0848303705273707
HEI_000328--000003_410206,Master/Other,-0.18742294309092222,-0.12767832536051024
HEI_000530--000008_411209,Master/Other,-0.21353596037893552,-0.1457770612327107
HEI_000370--000009_410206,Master/Other,-0.19654869663643554,-0.09841809772260622
HEI_000379--000008_410206,Master/Other,-0.433925699897949,0.5217542059190053
HEI_000510--000005_411209,Master/Other,-0.12756011626829347,0.16683796928262865
HEI_000492--000004_410206,Master/Other,-0.20135653513062393,-0.09731465467592386
HEI_000638--000003_410206,PhD,-0.19795990541320285,-0.012402292031226397
HEI_000519--000004_411209,Master/Other,-0.17022750461465902,-0.046826897502850455
HEI_000359--000005_410206,Master/Other,-0.25625124613365974,-0.022191566363197815
HEI_000683--000001_410301,PhD,0.8083576699332226,1.3514317918650882
HEI_000690--000003_410206,PhD,-0.1750875653034446,-0.05213163235967365
HEI_000333--000004_410206,Master/Other,-0.20119145416929485,-0.07709205710634666
HEI_000376--000012_410206,Master/Other,-0.19876176629895034,-0.15732795484767867
HEI_000443--000007_410301,Master/Other,-0.19244923032184205,0.045360358043292845
IHEID_000718--000001_411209,PhD,-0.26397021441102214,0.019171239511174006
HEI_000652--000002_410206,PhD,-0.19714828299959958,-0.09195292098348229
HEI_000355--000001_411209,Master/Other,-0.1785949377786698,-0.06333603544805468
HEI_000648--000001_410301,PhD,-0.1993736617759921,-0.06787934485525716
HEI_000392--000005_410206,Master/Other,-0.20067508536523868,-0.07656811477777711
HEI_000450--000005_410206,Master/Other,-0.19043834436667986,-0.0646499388501795
HEI_000459--000004_410206,Master/Other,-0.19726923286000284,-0.08832995698207641
HEI_000506--000002_410301,Master/Other,-0.19129450365575276,-0.04310381001945922
HEI_000645--000001_411209,PhD,-0.38601999645075635,0.27541548781862507
HEI_000502--000003_411209,Master/Other,-0.2269230012865345,-0.1100715375377666
HEI_000447--000006_411209,Master/Other,-0.9252773314769713,-1.1273998285090057
HEI_000402--000010_411209,Master/Other,-0.15987772864781064,-0.1467566287822848
HEI_000385--000006_411209,Master/Other,-0.6326227927081359,0.7386543778461561
HEI_000680--000006_410206,PhD,-0.032676184829222306,0.2951426688587677
HEI_000353--000003_410301,Master/Other,-0.19114313550098486,-0.09009698315923115
HEI_000445--000005_411209,Master/Other,-0.2055129467654506,-0.0922388676750777
HEI_000468--000008_410301,Master/Other,-0.22280726539491758,-0.11765531492423967
HEI_000326--000004_411209,Master/Other,-0.22766210220365024,-0.09088769198366181
HEI_000363--000012_411209,Master/Other,-0.20697954839578767,-0.11583175828650712
HEI_000566--000005_410206,PhD,-0.12870899603426983,-0.01284891540273102
HEI_000340--000001_410206,Master/Other,-0.2116060586163844,-0.175677176055536
HEI_000452--000006_410206,Master/Other,0.39476553461868336,0.24348051817404318
HEI_000367--000013_410301,Master/Other,-0.2077061663458132,-0.10614530228687771
HEI_000390--000006_410206,Master/Other,1.5086004128959674,0.9737550720112297
HEI_000495--000002_411209,Master/Other,-0.2682618146503337,1.2224907414012287
HEI_000448--000005_410301,Master/Other,-0.16930719855795837,0.02016487364176242
HEI_000517--000003_410206,Master/Other,-1.6765752788891022,1.9963708639438786
HEI_000465--000008_411209,Master/Other,-0.1876316669549373,0.6386585318148885
HEI_000374--000011_410206,Master/Other,-0.21874425133191258,-0.12854247778540026
HEI_000620--000003_410301,Master/Other,-0.23649338738507888,-0.41373351995202806
IHEID_000721--000008_411209,PhD,-0.18860508504463638,-0.07933627223710692
IHEID_000705--000004_410301,PhD,0.7193031127282717,-1.3954125533595259
HEI_000395--000003_411209,Master/Other,-0.1753459510123566,-0.13403010989362898
HEI_000406--000008_411209,Master/Other,-0.23061647065183166,-0.10471996686631896
HEI_000688--000003_410301,PhD,-0.13659368740698383,0.07704946876046777
HEI_000574--000003_410206,Master/Other,-0.22262460666971448,-0.0956407252912513
HEI_000681--000002_410301,PhD,0.9728169561035239,0.14882052426605621
HEI_000499--000006_410206,Master/Other,-0.24821245878782822,-0.11094647694001133
HEI_000371--000014_411209,Master/Other,-0.1567732865855457,-0.4900054197237831
HEI_000344--000009_411210,Master/Other,-0.18246427798590184,-0.1530510380706247
HEI_000624--000002_411209,PhD,-0.20915290210751628,-0.08592665414048992
IHEID_000708--000004_411209,PhD,-0.14829560882037307,0.16721542664231104
HEI_000453--000002_410301,Master/Other,2.835097540544267,-0.20275517345335767
HEI_000398--000003_410301,Master/Other,-0.31637850756017233,0.30776095069737586
HEI_000345--000004_411209,Master/Other,-0.2082462066069502,-0.06166653901916959
HEIBR_009799_411209,Master/Other,-0.20189618360973013,-0.03465419336582632
HEI_000456--000007_410206,Master/Other,-0.18283064533356647,-0.0771492325561735
HEI_000647--000002_410301,PhD,-0.0008061960021530113,0.023777172992347582
HEI_000469--000005_411210,Master/Other,-0.5857963260049295,-0.24675875272920472
HEI_000387--000005_410301,Master/Other,-0.20273988685164104,-0.11996744280820469
HEI_000370--000010_410206,Master/Other,0.3363613906775958,0.11941075299316951
HEI_000498--000002_411209,Master/Other,-0.20643098509450594,-0.06920390675164073
HEI_000491--000003_411209,Master/Other,-0.23855573280774126,-0.16073798262842495
HEI_000379--000011_410206,Master/Other,-0.1847981656839646,-0.08399108196325776
IHEID_000717--000002_411209,PhD,-0.11244644229933716,-0.033778938729266406
HEI_000383--000004_411209,Master/Other,-0.20461130514293888,-0.13486294990300418
HEI_000636--000004_410301,PhD,-0.1657433949187136,-0.06615636092342148
HEI_000434--000003_410301,Master/Other,-0.19755083684961292,-0.10132843764390463
HEI_000334--000002_410301,Master/Other,-0.2055629275450582,-0.154638034662318
HEI_000444--000001_410206,Master/Other,-0.2020516472768274,-0.09187006638765535
HEI_000457--000003_410301,Master/Other,-0.1762726364786046,-0.13693538738296207
HEI_000501--000004_410206,Master/Other,-0.20796633332763462,-0.06306424550265942
HEI_000629--000002_411209,PhD,-0.19955406622365304,-0.08894687399804291
HEI_000341--000005_411209,Master/Other,-0.1973911639334119,-0.0936661438745296
HEI_000567--000001_411209,PhD,-0.1963203178579548,-0.08283756983849058
HEI_000487--000004_410301,Master/Other,-0.214564296758308,-1.5570528757167423
HEI_000403--000004_411210,Master/Other,-0.2434537419140966,-0.12540859459463674
HEI_000528--000008_410206,PhD,-0.18496446494360835,-0.04054082607551924
HEI_000391--000002_411209,Master/Other,-0.28913486984383796,-0.14630284835201335
HEI_000463--000013_410301,Master/Other,-0.18601435293232502,-0.10456903984005507
HEI_000685--000003_410301,PhD,-0.1781723888983012,-0.13137611383134135
HEI_000402--000009_411209,Master/Other,-0.19733747961333883,-0.09203111553887422
HEI_000339--000002_411209,Master/Other,4.695644698280003,-1.1991360066641823
HEI_000330--000003_411209,Master/Other,-0.12188279621140079,-0.03475342202676144
HEI_000340--000006_410301,Master/Other,-0.19630276662959395,-0.08507077604339718
HEI_000628--000001_410301,PhD,-0.21797647958854105,-0.054743221420052675
HEI_000335--000001_411209,Master/Other,-0.222194814418867,-0.10105850827048637
HEI_000513--000005_411209,Master/Other,-0.33890789000523586,-0.1751744838376162
HEI_000680--000001_410301,PhD,-0.33593849206607723,-0.14672469474900163
HEI_000441--000003_410206,Master/Other,2.4110724048655396,0.9832089879394579
HEI_000533--000008_411209,PhD,-0.1789874191562021,-0.018730359754904967
HEI_000462--000010_411209,Master/Other,-0.26566593341871353,-0.10435733270123568
HEI_000383--000003_410206,Master/Other,-0.19022862491225503,-0.11252715085083441
HEI_000643--000004_410206,PhD,-0.2401221293235492,-0.10366584036469087
HEI_000562--000003_411209,Master/Other,-0.17947901858663584,-0.04809195113742391
HEI_000322--000002_410206,Master/Other,-0.18293474246864114,-0.09384087956415088
IHEID_000070--000001--000002_410301,PhD,-0.20490243860943982,-0.09202787484670202
HEI_000625--000001_411209,Master/Other,-0.158290217861731,-0.12214503687217297
HEI_000401--000010_411209,Master/Other,0.03853625204464371,-0.03933441796720739
HEI_000386--000006_411209,Master/Other,-0.011178933196609061,-1.9466561631953327
HEI_000688--000004_410206,PhD,-0.13094235977254348,-0.04746685232323677
HEI_000310--000005--000001_410301,Master/Other,-0.1979352405480588,-0.09803697049180385
HEI_000348--000003_410206,Master/Other,-0.25461133979624107,0.48506661158941156
HEI_000473--000008_410206,Master/Other,-1.7027874080403573,3.015825304963088
HEI_000508--000002_411209,Master/Other,-0.3588274408138729,-0.104050997562664
HEI_000405--000011_410301,Master/Other,-0.20829932075644933,-0.10232843743527814
HEI_000349--000007_411209,Master/Other,-0.2047408798242038,-0.10609726637881675
HEI_000434--000005_AU2AC01037,Master/Other,-0.19326178050202314,-0.09782666599012192
HEI_000434--000010_AU2AC01037,Master/Other,-0.4585318798539139,-0.4021356553560687
HEI_000509--000006_410206,Master/Other,0.8506117373367978,0.33178705557269605
HEI_000482--000006_411209,Master/Other,-0.11810213241693643,-0.11260062971307108
HEI_000452--000001_411209,Master/Other,-0.19156852976189534,-0.323293443118182
HEI_000329--000002_AU2AC01037,Master/Other,-0.10988286623413872,-0.05591777203424672
IHEID_000698--000004_411209,PhD,-0.198752512916954,-0.08897114074578097
HEI_000636--000003_410206,PhD,-0.06033103827386368,-0.041278791752745826
HEI_000495--000005_410206,Master/Other,-0.19477042592294602,-0.08419757724397914
HEI_000517--000004_411209,Master/Other,-0.21343710810667907,-0.07007840265713568
HEI_000431--000001_411209,Master/Other,-0.2061007492527662,-0.10019638892679862
HEI_000646--000001_410301,PhD,-0.2760221408308614,-2.180825325508346
HEI_000362--000011_410301,Master/Other,-0.20007143022474713,-0.08981550836622401
HEI_000321--000001_AU2AC01037,Master/Other,-0.18821159754076117,-0.08585596426372935
HEI_000494--000001_410301,Master/Other,1.1100146850199146,-0.31271477801723385
HEI_000449--000006_411209,Master/Other,-0.18769007389119755,-0.1120457653854452
HEI_000440--000007_411209,Master/Other,-0.23281692194566528,0.027004060292692155
HEI_000356--000001_410301,Master/Other,0.6390807880558944,-1.817866345960042
HEI_000366--000010_411209,Master/Other,-0.19009866619161989,-0.07454386061980642
HEI_000505--000002_411209,Master/Other,-0.22373144612276988,-0.02616740772082959
HEI_000358--000004_411209,Master/Other,1.1833549415748177,0.5740945505286236
HEI_000639--000002_411209,PhD,-0.1738836947834557,-0.06623498478330996
HEI_000493--000005_411209,Master/Other,0.15034209285112696,0.3353493577915049
HEI_000350--000008_411210,Master/Other,-0.20108003630595184,-0.04800096001620511
HEI_000396--000001_410206,Master/Other,-0.1623658975777315,0.014688502111794462
HEI_000506--000007_411209,Master/Other,-0.20801466227123291,-0.1424935502578742
HEI_000560--000002_410206,PhD,0.6509027527498483,-0.040821081388551596
HEI_000346--000006_410206,Master/Other,-0.13631866156421418,-0.050235952643154384
HEI_000648--000004_411209,PhD,-0.2386765072637691,-0.1267772574355143
HEI_000460--000011_410206,Master/Other,-2.1960160650221376,-1.2108057922017492
HEI_000371--000008_411209,Master/Other,-0.3865301784975698,1.979868425857538
HEI_000497--000004_410301,Master/Other,0.3884172570856647,-0.4859277630697949
HEI_000406--000014_411209,Master/Other,-0.41687388140948733,-0.07053523079057318
HEI_000488--000002_411209,Master/Other,-0.22938539333555882,-0.038357504244228194
HEI_000343--000003_411209,Master/Other,-0.30213966937879655,0.6504322985521763
HEI_000657--000002_410301,PhD,-0.16070796901721623,-0.08904275762049547
HEI_000384--000007_410206,Master/Other,-0.1766027619730823,-0.11449523643886084
HEI_000373--000012_410301,Master/Other,-0.19820563196736377,-0.0730089519158957
HEI_000446--000007_410206,Master/Other,-0.21035550287230825,-0.06337894649606976
HEI_000377--000013_411209,Master/Other,-0.18728693194528545,-0.06899642964381861
HEI_000332--000005_411209,Master/Other,-0.21007364273924076,-0.12044342580427612
HEI_000514--000001_411209,Master/Other,-0.19489552744184502,-0.08471767842993078
HEI_000458--000005_411209,Master/Other,-0.1980494523833563,-0.09097891726576805
HEI_000451--000004_411209,Master/Other,-0.1941724385006871,-0.06905981004384534
HEI_000393--000004_411209,Master/Other,-0.20217170269796358,-0.07684712915554685
HEI_000561--000006_410301,PhD,-0.2117719685315949,-0.09897353834696715
HEI_000502--000006_411209,Master/Other,-0.2119098877999183,-0.09215569898668152
HEI_000480--000007_410206,Master/Other,-0.171061903917113,0.07272678611019587
HEI_000324--000002_411209,Master/Other,-0.19705488925361347,-0.08906003798074873
HEI_000489--000006_410206,Master/Other,-0.19556566394216093,-0.09950092324427601
HEI_000623--000001_410206,PhD,-0.20887514639208601,-0.1108624002140965
HEI_000691--000002_410301,PhD,-0.16839076011614876,-0.0752311687702778
HEI_000375--000009_411209,Master/Other,-0.1327569784558893,0.053580559890414665
HEIBR_008342_410206,Master/Other,-0.19807671782143083,-0.0685482743832963
HEI_000464--000010_410206,Master/Other,4.745625792753387,0.8957447556471846
HEI_000385--000003_411209,Master/Other,-0.19833049237727635,-0.08974264772348628
HEI_000399--000012_411210,Master/Other,-0.2501679853242246,0.005764006920876374
HEI_000630--000003_410301,PhD,-0.17817294522398874,-0.11783923718025154
HEI_000447--000003_411209,Master/Other,-0.18137001735592914,-0.07908742244756062
HEI_000535--000008_410206,PhD,-0.19312600524136178,-0.07800930401439152
HEI_000378--000009_410301,Master/Other,-0.21989171460206194,-0.10587132888573539
HEI_000355--000004_411209,Master/Other,-0.18583094388558952,-0.11864392196454143
HEI_000515--000005_410206,Master/Other,-2.2610558787407804,6.159019407063018
IHEID_000711--000005_411209,PhD,-0.18513756512532323,-0.0991831992957787
HEI_000443--000002_410301,Master/Other,2.309714778386967,1.0964888899100387
HEI_000634--000002_411209,PhD,0.458758875113448,2.533211773727833
HEI_000436--000005_411209,Master/Other,-0.2301657566088741,-0.1671021501730642
HEI_000492--000001_410206,Master/Other,1.811671019695923,0.15465794987263257
IHEID_000696--000001_411209,PhD,-0.3151982362925672,-0.20448660158854556
IUED_000263--001621_410301,PhD,-0.1874994789406688,-0.07264286734029976
IHEID_000368--000009_410206,PhD,-0.20565375486766377,-0.17372236189457654
HEI_000519--000001_411209,Master/Other,-0.1945663764666448,-0.08609614094976188
IHEID_000707--000002_410301,PhD,-0.20325609170822143,-0.09964471750154384
HEI_000478--000008_410301,Master/Other,1.3153116293173952,0.07023124588240527
HEI_000690--000006_410206,PhD,1.1106020471501596,1.6634324653708026
HEI_000397--000005_411209,Master/Other,3.1308531730926465,1.4983818167360452
HEI_000485--000002_411209,Master/Other,1.7932163429284131,1.637050214672473
HEI_000364--000011_410206,Master/Other,-0.20685630519203949,-0.08729142226635107
HEI_000626--000004_411209,PhD,4.25177738040753,-2.0321971153619773
HEI_000640--000001_410206,PhD,3.1911306587973076,1.2878444559772921
HEI_000347--000002_411209,Master/Other,-0.1981954199661059,-0.08442047249023736
HEI_000389--000007_410206,Master/Other,-0.7667761818551803,0.34939448160478903
HEI_000357--000010_411210,Master/Other,-0.20910834537864287,-0.09657418939610385
HEI_000361--000013_410206,Master/Other,0.1416311430779089,0.05976078721277747
HEI_000489--000001_411209,Master/Other,-0.20973599574537824,-0.11184838102621941
IHEID_000706--000001_411209,PhD,-0.02888109415100224,1.3946115207072334
IHEID_000697--000002_410301,PhD,-0.19623483365709124,-0.10192707045171524
HEI_000656--000001_410301,PhD,-0.18162228215710152,-0.08430072150227981
IHEID_000718--000003_410206,PhD,-2.2824872195367156,-1.3121206246383597
HEI_000544--000009_411209,Master/Other,-0.21856947944421767,-0.04259717393318461
HEI_000400--000001_411210,Master/Other,-0.2311554610569996,0.1277445280489866
HEI_000336--000003_410206,Master/Other,-0.2177297598552679,-0.09456338868167904
HEI_000638--000001_411209,PhD,-0.22858975675093568,-0.13242177499010957
HEI_000576--000002_411209,Master/Other,-0.19281293365112404,-0.10743095029659247
HEI_000350--000006_411209,Master/Other,-0.16225867099558172,-0.02524718578771433
HEI_000433--000007_411209,Master/Other,-0.19136978093602092,-0.0872536859345615
HEI_000690--000001_411209,PhD,1.7045165164695224,-0.24828961547526085
HEI_000503--000005_410301,Master/Other,1.320595968342166,0.11442181934084103
HEI_000455--000002_410206,Master/Other,-0.16453768498287347,-0.049847765961150294
HEI_000437--000006_410301,Master/Other,-0.24268939177846066,-0.14313448629501263
IHEID_000703--000004_410206,PhD,-0.1569356816657282,-0.008751292980701883
HEI_000380--000001_411209,Master/Other,-4.0905830410191735,6.77333898859996
HEI_000511--000003_411209,Master/Other,-0.1881019043132149,-0.0606614808220085
IHEID_000715--000003_410206,PhD,-0.20421205099660417,-0.07684936118506644
HEI_000518--000002_411209,Master/Other,-0.25706630023348054,-0.14907823386650476
HEI_000481--000012_AU2AC01037,Master/Other,-0.1771807948880427,0.04834589010761486
HEI_000358--000003_410206,Master/Other,-0.18078716105257242,-0.09873447625741852
HEI_000532--000010_410206,PhD,-0.22771886283064358,-0.12826038437230572
HEI_000564--000004_410301,Master/Other,-0.15138271459894143,0.5414675323694201
HEI_000569--000004_411209,Master/Other,0.02652229783115815,-0.5231224283646466
HEI_000346--000001_411209,Master/Other,-0.2141319574478798,-0.14476818615289805
IUED_000270--001707_410301,PhD,-0.17494587050955826,-0.05274845732514976
HEI_000320--000004_410206,Master/Other,-0.19071191265919543,-0.06794484226972071
HEI_000365--000012_410206,Master/Other,-1.2185677201060026,-1.1722576882540394
HEI_000388--000004_410206,Master/Other,-1.9539036358329382,0.6276639066923813
IUED_000262--001615_410301,PhD,0.4743187581904702,0.3579012979138427
HEI_000381--000005_410206,Master/Other,-0.12551043789139893,0.10899076166821844
HEI_000476--000011_410301,Master/Other,-0.22980306457584884,-0.15324444399004833
HEI_000481--000004_410206,Master/Other,-0.2014967280497237,-0.08349534615233692
HEI_000332--000002_410206,Master/Other,-0.23498261398868583,-0.1603516875478099
IHEID_000710--000006_411209,PhD,-3.5825132944387486,9.44113285072377
HEI_000635--000001_411209,PhD,-0.43953331522221367,-0.22130444510049554
HEI_000354--000007_411209,Master/Other,-0.20716219545428086,-0.10345373088507717
HEI_000451--000003_410206,Master/Other,-0.18813619006460838,-0.08044924006310067
HEI_000507--000004_410301,Master/Other,-0.2148976504729747,-0.10728358806892478
HEI_000407--000006_410301,Master/Other,-0.21455687613643415,-0.12419444604489531
HEI_000542--000003_410301,PhD,-0.19480872962707457,-0.0736142032005095
HEI_000472--000001_411209,Master/Other,4.129735373886914,-0.6513562851573721
HEI_000393--000012_410206,Master/Other,-0.22251434399695702,-0.06341231831186828
HEI_000360--000006_411209,Master/Other,2.830949362921942,0.28555342581208654
HEI_000465--000002_410206,Master/Other,0.6085754796195132,1.0338540945541768
HEI_000315--000001_410301,Master/Other,-0.16200609247926248,-0.11052241526666937
HEI_000517--000009_411209,Master/Other,-0.18207920581606124,-0.08339008476109239
HEI_000495--000008_410206,Master/Other,-0.19587964403544722,-0.08730675457903646
HEI_000365--000003_410206,Master/Other,-0.22095710680955208,-0.08803517839008437
HEI_000543--000007_410206,PhD,-0.2196049088512302,-0.11468804238411544
IHEID_000721--000002_410206,PhD,-0.2323839217102923,-0.029571029091292327
HEI_000431--000006_AU2AC01037,Master/Other,0.7676333497882302,-2.0845512374106074
HEI_000550--000005_410301,Master/Other,-0.361265081230043,-0.7396878165348789
HEI_000358--000012_410206,Master/Other,0.06737088871391812,0.07909343811522744
IHEID_000736--000001_411209,PhD,-0.1964345190929574,-0.08192064766652271
HEI_000314--000005_410206,Master/Other,-0.18400525136213142,-0.051218645524597546
HEI_000521--000003_410301,Master/Other,-0.20664260241199578,-0.0723297303637674
HEI_000439--000009_410206,Master/Other,-0.18463859674212443,-0.07897121710339502
HEI_000663--000004_410206,PhD,-3.108595232496919,4.303566855542479
HEI_000524--000006_410206,Master/Other,-0.20033666630231994,-0.10325784116695585
HEI_000380--000010_411209,Master/Other,-0.27806073896086225,0.047570229981082
HEI_000537--000004_410301,PhD,0.0051791924357872275,-0.34115993826030705
HEI_000513--000008_411209,Master/Other,-0.22389497531195737,-0.08311410848016106
HEI_000318--000001_410301,Master/Other,-0.20071853322357147,-0.09917694394457346
HEI_000498--000008_410206,Master/Other,0.2702266798086154,0.17430450736596784
HEI_000312--000001--000001_410206,Master/Other,-1.2196827139904967,-1.5006871826910602
HEI_000769--000008_411209,Master/Other,-0.06554449236286648,-6.489318925825976e-05
HEI_000533--000005_411209,PhD,-0.550760099620405,-2.635889402925712
HEIBR_000823_410206,Master/Other,-0.18725152875464382,-0.09158793293103429
HEI_000369--000007_410301,Master/Other,-0.21354501506637608,-0.10759564956873337
HEI_000608--000001_410301,Master/Other,-0.19593570962758772,-0.09905341939930165
HEI_000376--000001_411209,Master/Other,-3.3438980187842335,0.8357075184484273
HEI_000584--000003_410301,Master/Other,1.910194758922668,0.19144114269251744
HEI_000559--000004_411209,Master/Other,-0.2026414174455754,-0.0907240136729382
HEI_000484--000010_410301,Master/Other,-0.2110070835555446,-0.032172631201771114
HEI_000597--000001_410206,Master/Other,-0.1900863831002638,-0.07404405708675518
HEI_000525--000002_410301,Master/Other,-0.22835799064799922,-0.13133110596137806
HEI_000392--000016_411209,Master/Other,-1.9488510075227712,6.8125573462582825
HEI_000473--000005_410206,Master/Other,-0.17972534139907184,-0.0717488801302468
HEI_000398--000009_410206,Master/Other,-0.19362856656613853,-0.0952417976634958
HEI_000666--000001_411209,PhD,-3.7742979623507553,2.1563095635485547
HEI_000528--000002_411209,PhD,-0.18967276781369355,-0.07132156348519188
HEI_000339--000008_410206,Master/Other,-0.17765035851818495,-0.08413474874410166
HEI_000387--000008_410301,Master/Other,-0.19566250323792755,-0.10565055570177938
HEI_000487--000005_AU2AC01037,Master/Other,-0.20691444980549722,-0.022618852414099132
HEI_000461--000004_411209,Master/Other,-0.16701827109136022,-0.19189468408925003
IHEID_000733--000003_410301,PhD,-0.163936975715492,-0.08748013884802029
HEI_000468--000005_411209,Master/Other,-0.19496270295969464,-0.09328553226504194
HEI_000510--000011_411209,Master/Other,-0.22434146791346116,-0.08095242461672096
HEI_000383--000009_411209,Master/Other,-0.19251569648025793,-0.07157585633086835
HEI_000373--000003_411209,Master/Other,-0.2407863095884799,-0.12366543877118014
HEI_000555--000007_411209,Master/Other,-0.02441385458395851,0.011905895985966038
HEI_000533--000002_410206,Master/Other,-0.003519044853941098,-3.9287302461757414
HEI_000322--000008_411209,Master/Other,-0.21188696128787357,-0.07550614454177056
HEI_000671--000005_411209,PhD,-0.19707452552303872,-0.07825885633811189
HEI_000406--000005_410301,Master/Other,-0.0903688527294496,-0.02553246328709675
HEI_000376--000006_410206,Master/Other,-0.09118597734379193,-0.04612513829498814
HEI_000536--000007_411209,PhD,-0.22625219445908343,-0.15528108248709768
HEI_000319--000002_411209,Master/Other,-0.19585665965745783,-0.06293934902689295
HEI_000604--000002_410301,Master/Other,-0.20321524723142909,-0.06971538384951419
HEI_000501--000009_410206,Master/Other,-0.20281393869517758,-0.056287689116543256
HEI_000392--000011_410206,Master/Other,-0.17401672542523738,-0.03540600803059876
HEI_000348--000009_411209,Master/Other,-0.18364823920102794,-0.11327948791950775
HEI_000459--000010_410206,Master/Other,-0.1373526886046221,0.013047115374788072
HEI_000528--000005_410206,PhD,-0.2243625814705164,-0.23965354746771803
HEI_000403--000009_411210,Master/Other,-0.18694218301387275,-0.07239426879639695
HEI_000477--000003_410301,Master/Other,-0.2438477623651757,-0.18788649293205328
HEI_000600--000003_411209,Master/Other,-0.197103877585499,-0.04864592982270365
HEI_000547--000001_411209,Master/Other,-0.2409512405584095,-0.08809452892775142
HEI_000675--000004_410301,PhD,-0.1933163123774621,-0.09055555271551445
HEI_000532--000006_410301,PhD,-0.1532867600852432,-0.015236108884716762
HEI_000385--000012_411209,Master/Other,-0.2927845818414032,-0.1493205533000015
HEI_000313--000004_AU2AC01519,Master/Other,-0.1436934328376137,-0.06162460238791586
HEI_000496--000011_410206,Master/Other,-0.2418636251338525,-0.1920346458774686
HEI_000445--000008_411209,Master/Other,4.690113460741994,-0.10275302615247016
HEI_000397--000014_410301,Master/Other,-0.23856501283205483,0.043000220876108296
HEI_000546--000005_410206,PhD,-0.178400616392733,-0.05031547876151244
HEI_000667--000002_411209,PhD,-0.19670355348714613,0.12859282387343013
HEI_000519--000010_410301,Master/Other,-0.06415687482924493,-0.021099885688466248
HEI_000448--000008_410301,Master/Other,-1.9083033862591074,6.169605014579735
HEI_000465--000005_411209,Master/Other,-0.16208049605019417,-0.1543108175959156
HEI_000678--000004_410301,PhD,-0.17897010639390945,-0.04722826611808275
HEI_000310--000003_410301,Master/Other,-0.20273599678322446,-0.1312335574454956
HEI_000388--000012_411209,Master/Other,-0.07201054581607448,-0.10610379017432285
HEI_000554--000003_410206,PhD,-0.20056187752888277,-0.10580769127520447
HEI_000372--000007_410206,Master/Other,-0.0878778303877233,0.08241035932183208
HEI_000402--000004_410301,Master/Other,-0.23145770513980599,-0.19132065105384483
HEI_000396--000010_410206,Master/Other,-0.15625590917243073,-0.0654958087615235
HEI_000609--000002_410301,Master/Other,-2.6657204864387403,3.5150957139510344
HEI_000487--000009_411209,Master/Other,0.153183513115079,2.279365790194224
HEI_000345--000009_411209,Master/Other,-0.041649750930947416,-0.019497616601651332
HEI_000587--000001_410206,Master/Other,-0.5119068900744753,-1.3792389273467445
HEI_000661--000002_410206,PhD,-0.18957076108617116,-0.07491307628658944
HEI_000594--000003_410301,Master/Other,-0.06607479656571995,0.009296040580812116
HEI_000549--000004_411209,PhD,-0.27130167233482466,-0.15740542930549675
HEI_000435--000011_410301,Master/Other,-0.21958612159871188,-0.06592158901341368
HEI_000590--000002_411209,PhD,-1.0329815396025013,-3.5281331658543214
HEI_000437--000003_AU2AC01037,Master/Other,-0.24550841872203785,-0.10120079483114561
HEI_000599--000003_411209,Master/Other,-0.09898282126214891,0.03194021951117233
HEI_000352--000011_411209,Master/Other,-0.2381603124407895,-0.10317355170143465
IHEID_000923--000006_410206,PhD,-1.7429615308820205,-0.7588470183517858
HEI_000499--000010_411209,Master/Other,-0.4170855216389665,-0.006028441781434547
HEI_000371--000002_410206,Master/Other,-0.2075321611729458,-0.09346709531656046
HEI_000557--000006_410206,PhD,-0.2309222618710265,-0.1495400091175476
HEI_000381--000008_410206,Master/Other,-0.19676459317272685,-0.0945002403318093
HEI_000471--000003_410206,Master/Other,4.181044337407143,0.12085648610201341
IHEID_000368--000003_410301,Master/Other,-0.18119708743774685,-0.10218990748679513
HEI_000673--000004_410206,PhD,2.732180337510785,0.2811285249087573
HEI_000618--000001_410301,PhD,-0.23669600924023054,-0.18215233567469463
HEI_000387--000013_410206,Master/Other,-0.16941439666429053,0.011175289359257849
HEI_000556--000002_410301,Master/Other,-0.1741535193253205,-0.08338114769175961
HEI_000456--000011_410301,Master/Other,-3.6646720211149804,-1.4869938659988051
IHEID_002481--000001_410301,PhD,-0.18572486938041755,-0.052262082828940036
HEI_000507--000009_410301,Master/Other,-0.19884026263665805,-0.08555832535909347
HEI_000470--000007_411209,Master/Other,-0.1991350968852903,-0.1418597136388659
HEI_000479--000006_411209,Master/Other,-0.22650522355269534,-0.1907459293206061
HEI_000391--000014_410206,Master/Other,-0.20518437998737898,-0.09412287032953508
HEI_000313--000006_411209,Master/Other,-0.26435690838077636,0.12703591647982065
HEI_000535--000002_411209,PhD,-0.1691137469540911,0.172099637808287
HEI_000356--000010_411209,Master/Other,-0.20064130014156814,-0.09991923363389497
HEI_000494--000010_411209,Master/Other,-0.19880578236615995,-0.08436446155299535
HEI_000516--000011_410206,Master/Other,1.2848628833915283,0.09126957745213439
HEI_000375--000003_410206,Master/Other,-0.2218096533500115,-0.152306294110666
HEI_000467--000004_410206,Master/Other,-0.6200361239776447,-0.46119807030730947
HEI_000531--000003_410301,PhD,-0.16258785549913074,-0.017638855328757412
IHEID_000368----000002_411209,Master/Other,-0.12017935043360936,-0.3304104197532061
HEI_000401--000001_411209,Master/Other,3.711630341359012,-2.6402820092872474
HEI_000544--000004_411209,Master/Other,-0.20252189731076373,-0.1503272068082222
HEI_000474--000006_410301,Master/Other,0.019805199918525314,0.23659732117896967
HEI_000318--000005_AU2AC01037,Master/Other,-0.18526159157631017,-0.08429374038766053
HEI_000374--000007_410301,Master/Other,-0.18766914327331521,-0.06614721907029554
HEI_000541--000001_410206,Master/Other,-0.85292054190559,-1.1023383452652427
HEI_000503--000008_410301,Master/Other,-0.20479373428124042,-0.0895809487386639
HEI_000527--000004_411209,PhD,-0.20607615929649772,-0.14761890589839174
HEI_000606--000003_410206,PhD,-0.17290711475774234,-0.07194278332757154
HEI_000394--000011_411209,Master/Other,-0.22205023161231094,-0.10907556564438263
HEI_000530--000007_410206,Master/Other,-0.22282785280152886,-0.12924843560783095
HEI_000391--000013_411209,Master/Other,4.634853255141724,-0.9956253636998773
HEI_000432--000009_410301,Master/Other,1.8581328611691719,0.7959140403784888
HEI_000668--000004_410301,PhD,-0.19135490129151073,-0.1442948410866313
HEI_000312--000006_AU2AC01519,Master/Other,-0.15374833859315418,-0.03392747845746103
HEI_000535--000005_410206,Master/Other,-0.1806555829141974,-0.04938727642656894
HEI_000493--000008_410301,Master/Other,-0.1974273250087069,-0.10104991754965759
HEI_000378--000004_410301,Master/Other,-0.20054006198160115,-0.09128661271495923
HEI_000619--000002_410301,Master/Other,-0.2908208404376028,-0.07753443409748448
HEI_000610--000003_410301,PhD,-0.19465933433879976,-0.11004516844713663
HEI_000603--000001_410206,Master/Other,-0.21452513554990907,-0.17410922478214177
HEI_000665--000004_411209,PhD,2.671582540812912,1.2817948466835445
HEI_000436--000008_411209,Master/Other,-0.19863811007838397,-0.09104808137575188
HEI_000404--000003_411209,Master/Other,2.3164870566283837,1.4456092846140636
HEI_000462--000006_410206,Master/Other,-0.17449915764254556,-0.044031232547957946
HEI_000455--000008_411209,Master/Other,-0.16705413808695904,-0.06251628881208221
HEI_000367--000002_411209,Master/Other,-0.18571242230087948,-0.02589114267194493
HEI_000397--000008_411209,Master/Other,-0.145360100130402,-0.05821040562168048
IHEID_000727--000002_410301,PhD,-0.06047586813828628,0.13342472310898856
HEI_000458--000008_410301,Master/Other,-0.2792216103065097,-0.15240559242368573
HEI_000677--000002_411209,PhD,-0.25660813822481404,-0.08156710184272212
HEI_000539--000001_411209,PhD,-0.2352561465911371,-0.07458076669130476
HEI_000316--000004_411209,Master/Other,-0.49721062534779464,-0.2860132321209509
HEI_000463--000002_411209,Master/Other,-0.30008621945420605,0.07061314911346203
HEI_000382--000011_410206,Master/Other,-0.28640625097249806,-0.9955185947016818
HEI_000526--000007_411209,PhD,-0.13584028283427793,-0.21216895475256434
HEI_000366--000006_410206,Master/Other,-0.24229966199051914,-0.00841490458925743
HEI_000522--000006_410301,Master/Other,-0.1994820902485412,-0.08122078628035087
HEI_000395--000012_411209,Master/Other,-0.8079938971421525,-1.5651652358425445
HEI_000355--000009_410301,Master/Other,-0.1682059326066272,-0.08020598023381216
HEI_000371--000005_411209,Master/Other,-1.1291642633265926,1.5188673429487871
HEI_000497--000009_410301,Master/Other,-0.23924784781373784,-0.07813773579576344
HEI_000538--000005_410206,Master/Other,-0.13633946501785432,-0.08649116402429304
HEI_000478--000005_411209,Master/Other,-0.20625091260614045,-0.10388901086063655
HEI_000541--000006_410301,PhD,-1.5310233661416357,-2.4814856987647462
HEI_000552--000004_410206,PhD,-0.2133838745483028,-0.32360824388338966
HEI_000534--000001_411209,Master/Other,-0.2948663744498763,-0.12033518486248596
HEI_000400--000002_411209,Master/Other,0.5011039785266137,3.804513313544511
HEI_000523--000002_410206,Master/Other,0.05812926598792855,0.21408971965978363
HEI_000451--000009_411209,Master/Other,-0.22409483887403142,-0.08244096978701745
HEI_000591--000001_410301,PhD,-0.19808901413564708,0.009702941332772195
HEI_000509--000010_411209,Master/Other,0.33355464187210937,0.9712687515408908
HEI_000363--000003_411209,Master/Other,-0.20688951456522356,-0.03209890034404735
HEI_000367--000005_411209,Master/Other,3.0754240008169855,0.3263777768483689
HEI_000326--000003_AU2AC01037,Master/Other,-2.824450269249246,-3.7392637345895055
HEI_000404--000004_411209,Master/Other,1.1379538099313256,0.554681720233768
HEI_000462--000001_410206,Master/Other,4.024149700007026,0.737932299701396
HEI_000370--000006_410206,Master/Other,1.973677053882087,-0.5613992559405224
HEI_000379--000007_410206,Master/Other,0.5237810498784945,3.6926781309831993
HEI_000677--000005_411209,PhD,3.2743113726596023,1.2937235929259077
HEI_000539--000006_411209,Master/Other,-0.5280047753358671,-0.4166124975684877
HEI_000316--000003_411209,Master/Other,-0.20036598817357076,-0.10672814690295217
HEI_000485--000008_411209,Master/Other,-0.13621106946200184,-0.02753806932463048
HEI_000602--000002_410301,PhD,-0.1918785883978917,-0.04479925101265085
HEI_000347--000008_411209,Master/Other,-0.19654082295024847,-0.07523198144033695
HEI_000385--000009_411209,Master/Other,-0.9194929846110271,0.2867787473765598
HEI_000447--000009_411209,Master/Other,0.5998063140446337,0.9143482326655886
HEI_000668--000003_410301,PhD,-0.22570686167622234,-0.10219272426950511
HEI_000665--000003_411209,PhD,-0.193536355469507,-0.09193829010781142
HEI_000610--000004_410301,PhD,2.5144051705686414,1.2027602669377961
HEI_000443--000008_410301,Master/Other,-0.31293810751730794,1.9164897718783844
HEI_000552--000003_410206,PhD,-0.15142061140794674,-4.6854305333753685e-05
HEI_000534--000006_411209,Master/Other,-0.19477528610577247,-0.12543991371691168
HEI_000615--000001_410206,PhD,-0.19701186986553174,-0.08996452124329511
HEI_000488--000008_411209,Master/Other,-0.15587747671883528,-0.0678655022284862
HEI_000481--000009_411209,Master/Other,-0.1887855354828884,-0.044895392855885896
IHEID_000935--000001_410301,PhD,-0.20293929400891875,-0.08891958925547884
HEI_000390--000010_410206,Master/Other,-0.857217970444508,-0.41349376529400766
HEI_000478--000002_411209,Master/Other,-0.2224982835253574,-0.1361664519257415
HEI_000523--000005_410206,Master/Other,-0.19237611003525895,-0.045973998905200424
HEI_000475--000002_410301,Master/Other,-0.189228184604269,-0.06182232841999517
HEI_000363--000004_411209,Master/Other,1.6193927691102452,2.43600988465167
HEI_000400--000005_411209,Master/Other,-0.2250490950699348,-0.011782399948913032
HEI_000487--000012_411209,Master/Other,-0.2260190095918944,-0.08953232586918448
HEI_000366--000001_410206,Master/Other,-0.07462808116266452,0.01433064859941325
HEI_000540--000005_410206,PhD,-0.20597593818812537,-0.13188190415810697
IUED_000265--001630_411209,PhD,-0.19212196941914508,-0.08192915928358753
HEI_000463--000005_411209,Master/Other,-0.20258384312106756,-0.10840681220226589
HEI_000676--000001_410206,PhD,-0.19434639904291154,-0.05087546156098166
HEI_000378--000003_411209,Master/Other,2.51098930211954,2.4367646475437934
HEI_000388--000009_411209,Master/Other,-0.1772647382320961,-0.054516956463754894
HEI_000538--000002_410206,PhD,-0.20599561366934238,-0.28521575498664903
HEI_000438--000011_410206,Master/Other,-0.15978863567001003,-0.0838159692069259
HEI_000395--000015_411209,Master/Other,1.7415560786112665,0.33885460249842325
HEI_000522--000001_410301,Master/Other,-0.19999455492692245,-0.18342804826639336
HEI_000433--000009_AU2AC01233,Master/Other,-0.1611737237710048,-0.029841987211279362
IHEID_000368--000004_410301,Master/Other,-0.20225380851291716,-0.07949581796610729
HEI_000312--000005_410206,Master/Other,-0.2157553371121283,-0.1453069678481024
HEI_000324--000006_411210,Master/Other,-0.2730419327928977,-0.38911361042497444
HEIBR_009025_411209,Master/Other,-0.1963363833801313,-0.09802139432727747
HEI_000316--000001_AU2AC01037,Master/Other,-0.09780252667457309,0.000740549629541432
HEI_000517--000012_411209,Master/Other,-0.2084645450217496,-0.10221871917111387
HEI_000673--000003_410206,PhD,-0.12854356337865022,-0.0940495263302999
HEI_000660--000001_410301,PhD,-0.22411131456922428,-0.09920401440150521
HEI_000471--000004_410206,Master/Other,4.505864018630585,-0.17337127266864022
HEI_000545--000007_410206,Master/Other,-0.18863072898270347,-0.08893059138113933
HEI_000393--000009_410206,Master/Other,-0.19066783312351063,-0.07375665590632412
HEI_000482--000010_411209,Master/Other,-0.1902796807927142,-0.09700038012786799
HEI_000349--000011_411209,Master/Other,-0.0854116353509746,-0.11632943089671202
HEI_000387--000014_410206,Master/Other,-0.090788449910383,-0.03587822164450221
HEI_000316--000006--000001_411209,Master/Other,-0.19595355300362222,-0.0888425373964231
HEI_000370--000001_410301,Master/Other,-0.20821231378216742,-0.09095957052658846
HEI_000556--000005_410301,PhD,-0.16834560694450712,0.07458569953270444
HEI_000479--000001_410301,Master/Other,-0.20348127953243944,-0.0868846922412899
HEI_000511--000009_411209,Master/Other,-0.1869407730682284,-0.06371881294931249
HEI_000518--000008_411209,Master/Other,3.3735620826789052,1.078296806067928
HEI_000358--000009_410206,Master/Other,-0.12718486318898087,-0.02707857911532148
HEI_000405--000007_411209,Master/Other,-0.5273677405250069,2.687347365508606
HEI_000351--000008_410206,Master/Other,-0.22654259633973378,-0.052212137899811197
HEI_000531--000004_411209,Master/Other,-0.16124892218892378,-0.1137600524523554
HEI_000557--000001_410206,Master/Other,-0.20898784184040656,-0.11201580252071369
HEI_000444--000010_410301,Master/Other,-0.08578464640664886,-0.16345676746085164
HEI_000362--000007_410301,Master/Other,-0.1915697966369622,-0.08306449896742506
HEI_000474--000001_411209,Master/Other,-0.19067337155859357,-0.07984258545267202
HEI_000468--000010_411210,Master/Other,-0.4719896592353907,-0.08258237454110899
HEI_000311--000005_AU2AC01519,Master/Other,-0.19876833548588588,-0.08608128933162279
HEI_000527--000003_411209,Master/Other,-0.20545586468013724,-0.1334206407623527
HEI_000351--000001_411210,Master/Other,-0.19584865063791704,-0.06967954014213157
IHEID_000730--000001_410301,PhD,-0.21289098837716458,-0.09229762566927684
HEI_000769--000013_411209,Master/Other,-0.18070861019061035,0.5916094119945735
HEI_000586--000002_411209,Master/Other,2.159298558164318,0.519893223238883
HEI_000466--000007_410301,Master/Other,-0.2058298921987991,-0.0035810321324724025
HEI_000582--000003_410301,Master/Other,-0.22645560724272962,-0.09792343641804359
HEI_002159_AU2AC01233,PhD,-0.19669501125919964,-0.09078985693076441
HEI_000475--000005_410206,Master/Other,0.24198493112140806,3.9861907617018777
HEI_000313--000001_411209,Master/Other,-0.21043937844152022,-0.09744814996156226
HEI_000614--000002_410206,Master/Other,1.6777024447790245,0.13109952587278967
HEI_000449--000010_410301,Master/Other,-0.197813506398021,-0.08933693674106467
HEI_000375--000004_410206,Master/Other,-0.2237948777022532,-0.021742123597700648
HEI_000540--000002_410301,PhD,-0.19853133131268974,-0.1455270259566936
HEI_000549--000003_410301,PhD,-0.19335394903225855,-0.07779332244304811
HEI_000398--000012_410206,Master/Other,1.1495121428724493,-3.240345314410907
HEI_000544--000003_411209,Master/Other,-0.7563150565671538,-0.6770209201331275
HEI_000467--000003_410206,Master/Other,-0.14574675385914868,-0.07699806296907147
HEI_000386--000010_411209,Master/Other,-0.20179012773993496,-0.06908621328952151
HEI_000408--000007_411209,Master/Other,-0.21014311302459118,-0.09502522748808787
HEI_000401--000006_411209,Master/Other,-0.23099471543830238,-0.1490438877825122
HEI_000447--000005_AU2AC01037,Master/Other,-0.18276725947252948,-0.04313735697130291
HEI_000406--000002_410301,Master/Other,-0.2299869090350674,-0.23750112689926695
HEI_000497--000012_411209,Master/Other,0.16292682575368908,0.05704614147000478
HEI_000435--000002_AU2AC01037,Master/Other,-0.22965699522453176,-0.09985299589184284
HEI_000675--000003_410301,PhD,-0.10499198237308224,-0.04373967927270165
HEI_000464--000006_410206,Master/Other,-0.20516245285770454,0.03369997929832073
HEI_000385--000015_411209,Master/Other,-0.8772765533264174,2.442569235145028
HEI_000532--000001_410301,Master/Other,-0.1861257284755686,-0.029314844051572794
HEI_000432--000012_410301,Master/Other,-0.22449382951196517,-0.0007260420113690425
IHEID_000725--000003_411209,PhD,-0.1998326971576349,-0.08786488190172959
HEI_000477--000004_410301,Master/Other,-1.0195838886276403,-1.7964822339483988
HEI_000391--000008_411209,Master/Other,-1.7320998596667536,-3.1435436724713157
HEI_000502--000010_411209,Master/Other,-0.4732451007410499,0.44103207115107057
HEI_000547--000006_411209,Master/Other,-1.703251074988663,-2.0225791717407273
HEI_000489--000010_410206,Master/Other,-0.18713558393607174,0.0810834322631299
HEI_000361--000002_411209,Master/Other,2.9290308932159497,-0.2796708492291127
HEI_000551--000001_410301,Master/Other,-0.18155883760987218,-0.07367382658345517
HEI_000461--000003_411209,Master/Other,-0.1879370159410148,-0.0509619723751583
HEI_000389--000011_410206,Master/Other,-0.3166840170959461,0.14624151776140237
HEI_000468--000002_411209,Master/Other,-0.2011096704532181,-0.09736251988356812
HEI_000491--000009_411209,Master/Other,-0.19589775966305092,-0.08512108644275022
HEI_000605--000001_410206,PhD,-0.04261083348769574,-0.018492592938933884
HEI_000364--000007_410206,Master/Other,3.6331915549892346,-1.2301416262822005
HEI_000529--000006_410301,PhD,-0.19989169481260782,-0.08765797803255469
HEI_000520--000007_410301,Master/Other,-0.20404535947181027,-0.09688445908187479
HEI_000373--000004_411209,Master/Other,-0.1960498018286822,-0.04065374015346771
HEI_000612--000002_411209,PhD,0.26334323362186507,-0.916528687991518
HEI_000671--000002_410301,PhD,4.669266523451241,-2.3981886069287466
HEI_000678--000003_410301,PhD,4.447005714237469,-1.3160081613656858
HEI_000310--000004_410301,Master/Other,-0.12696101545667376,-0.040920100850217155
HEI_000388--000015_411209,Master/Other,-0.19577241058049294,-0.08958355960140238
HEI_000460--000007_410206,Master/Other,-0.21025921755403362,-0.1344111177450105
HEI_000355--000012_410301,Master/Other,-0.16635494783779778,-0.05180970425498109
HEI_000457--000009_411209,Master/Other,-0.20015324370387164,-0.10550417166293101
HEI_000395--000009_411209,Master/Other,-0.17104736777197654,-0.13508482451177403
HEI_000453--000008_410301,Master/Other,-0.22623660548379781,-0.08395368501066913
HEI_000554--000004_410206,Master/Other,-0.18991901714434847,-0.13117298523131465
HEI_000402--000003_410301,Master/Other,-0.18952779389762917,-0.07248585014567635
HEI_000312--000004_AU2AC01519,Master/Other,-0.15622163716499746,-0.02333211408327496
HEI_000377--000005_411209,Master/Other,-0.17809418858328205,-0.07751622883036242
HEI_000353--000009_410301,Master/Other,-0.16416059260393984,0.0008093059746182637
HEI_000432--000010_AU2AC01037,Master/Other,-0.13998610021187333,-0.06533260903461678
IHEID_000733--000004_411209,PhD,-0.20397119103119266,-0.10269056019472887
HEI_000384--000011_410206,Master/Other,-0.20563642577197824,-0.17841689651936837
HEI_000397--000013_410301,Master/Other,-0.18456832508766977,-0.0496074862261007
HEI_000546--000002_410206,PhD,-0.23243250739377105,-0.11296919904416834
HEI_000365--000004_410206,Master/Other,-0.19575296748077797,-0.10116166101691533
HEI_000521--000004_410301,Master/Other,-0.8971705889233934,-1.917072678447116
HEI_000314--000002_410206,Master/Other,-0.17955549489698058,-0.08491674494247516
HEI_000358--000015_410206,Master/Other,-0.12645075411785997,0.10249043114250987
HEI_000613--000001_411209,PhD,-0.18354299658235088,-0.10060111006347035
HEI_000464--000001_410301,Master/Other,-0.20961925248080035,-0.15792548828761865
HEI_000596--000002_411209,PhD,-0.18665265872578113,-0.08686351938026597
HEI_000472--000006_411209,Master/Other,-0.19759941695540134,-0.08863158639043717
IHEID_000720--000001_410301,PhD,-0.19272000494479524,-0.09572441412904921
HEI_000437--000010_411209,Master/Other,1.3802541436145974,0.6778588683342895
HEI_000311--000007_411209,Master/Other,-0.18500674605940406,-0.10121852636901132
HEI_000670--000001_411209,PhD,-0.2697544482290464,-0.2567577599487927
HEI_000514--000010_410206,Master/Other,-0.18119980152261475,-0.07932097497382494
HEI_000377--000002_410206,Master/Other,0.35978074153248607,0.016447114834502702
HEI_000581--000001_410206,Master/Other,-0.7686913343936701,-0.8702603068372913
HEI_000360--000001_411209,Master/Other,-0.19579537465532118,-0.11470357334777515
HEI_000529--000001_410206,PhD,-0.17616285409787508,-0.08699832478640215
HEI_000483--000008_410206,Master/Other,-0.22956921550704387,-0.01576552184811385
HEI_000525--000005_410301,Master/Other,-2.6035097661244846,-0.46375318519404596
HEI_000508--000008_411209,Master/Other,-0.20968157528838274,0.1316368217962506
HEI_000473--000002_410206,Master/Other,-0.20199005391510425,-0.10123395207497125
HEI_000550--000002_411209,PhD,-1.8139637403157456,-2.955117757697759
HEI_000559--000003_411209,PhD,-0.2194311456665568,-0.26913753436417687
HEI_000361--000005_410206,Master/Other,-0.20137328657846487,-0.10236209875065602
HEI_000357--000006_411210,Master/Other,-0.19563542345448923,-0.08669760179686528
HEI_000322--000005_AU2AC01037,Master/Other,-0.2004840613384972,-0.09810208701686698
HEI_000505--000008_410301,Master/Other,-0.19938101820219928,-0.08387709666295214
HEI_000537--000003_410301,PhD,-0.17303946711902324,-0.15097128608301844
HEI_000407--000001_411209,Master/Other,-0.17638807052627076,-0.12194880712998094
HEI_000542--000004_411209,PhD,-0.19869215347408814,-0.12425427893417837
HEI_000663--000003_410206,PhD,-0.3395838744886716,-0.006830252042053396
HEI_000524--000001_410206,Master/Other,-0.17382493074732575,-0.0859981806915827
HEI_000476--000007_411209,Master/Other,-0.20856952289216046,-0.02408235101613076
HEI_000441--000009_410206,Master/Other,1.172828797553225,0.04004056275233247
HEI_000359--000011_411209,Master/Other,-0.10003515830995223,-0.006407409001868198
HEI_000492--000010_411209,Master/Other,-0.23200408571182235,-0.14502174858789532
HEI_000318--000008_AU2AC01037,Master/Other,-0.19842110694719406,-0.08685751136762448
HEI_000503--000002_410301,Master/Other,-0.2392461839844271,-0.1656648710472904
HEI_000369--000011_410301,Master/Other,-0.20115721500465444,-0.10145654353151093
HEI_000336--000004_410206,Master/Other,-0.20127613969926683,-0.14372148748955355
HEI_000350--000001_411209,Master/Other,-0.6198474801933423,3.360782686651788
HEI_000442--000006_411209,Master/Other,-0.20767523977392444,-0.1210634301670346
HEI_000380--000006_411209,Master/Other,-1.620059047569775,-2.534284231014103
HEI_000475--000008_410206,Master/Other,-0.17386685621783174,0.028507414687085342
HEI_000328--000006_411209,Master/Other,-0.19914173065088872,-0.09058120279472213
IHEID_000703--000003_410206,PhD,-0.1999055042943567,-0.0928121502625106
IHEID_000697--000005_410301,PhD,1.929694541961412,3.0467046681461003
HEI_000511--000004_410301,Master/Other,-0.2023878663404362,-0.04792986749507674
HEI_000361--000014_410206,Master/Other,-0.08498121328996605,-0.15093559195585657
HEI_000314--000006_AU2AC01519,Master/Other,-0.21936395519731336,-0.11839734991113271
HEI_000484--000006_410301,Master/Other,-0.21353499674684412,-0.12208361460736043
IHEID_000718--000004_410206,PhD,-0.4111132875691836,-1.297203692122282
HEI_000333--000001_411209,Master/Other,-0.20493752172570376,-0.13078034219551046
HEI_000531--000009_410301,Master/Other,-0.1461857825056797,-0.06951995450610639
HEI_000469--000010_410301,Master/Other,-0.08180732532201251,-0.02402798814557802
HEI_000683--000004_410206,PhD,-0.17908816901958793,-0.023055393024168862
HEI_000481--000003_410206,Master/Other,-0.11795563488907089,-0.24271004868104776
HEI_000471--000009_410206,Master/Other,-0.3223748366339008,-0.17406561477445906
HEI_000437--000001_411209,Master/Other,-0.38903421982827385,-0.12432991743265619
HEI_000507--000003_410301,Master/Other,4.522065645898417,-2.106833062976509
HEI_000407--000010_410301,Master/Other,-0.39726595570035766,0.2897114181610488
HEI_000564--000003_410301,PhD,-0.16281757086994786,0.0392037663179632
HEI_000454--000001_411209,Master/Other,-0.22660568262126454,-0.105474798914689
IHEID_000715--000004_410206,PhD,-0.19656082739020814,-0.12071821371478636
HEI_000372--000016_411209,Master/Other,-0.13358342541031382,-0.05200116815201647
HEI_000518--000005_411209,Master/Other,-0.20640083695007422,-0.09595605457251884
HEI_000577--000001_410206,Master/Other,-0.1849859758510141,-0.05271639832884449
HEI_000351--000005_410206,Master/Other,-0.2266291059418115,-0.02280108389952348
HEI_000538--000008_411209,PhD,-0.1948310696886846,-0.06000503408552372
HEI_000686--000001_411209,PhD,-0.9834237308645156,0.15081828191121915
HEI_000388--000003_410206,Master/Other,-0.22409300781452401,-0.10926216557195978
HEI_000381--000002_410206,Master/Other,-0.09853817455551996,2.581632194113922
HEI_000569--000003_411209,Master/Other,-0.19679474905388736,-0.10588903457255384
HEI_000315--000003-000001_AU2AC01037,Master/Other,-0.19292516302900883,-0.09827655351057546
HEI_000641--000005_410206,PhD,-0.1963347989859733,-0.08848377207185366
IUED_000262--001617_AU2AC01233,PhD,-0.2058472083159698,-0.11650281394931712
HEI_000459--000001_410301,Master/Other,1.7085922162902323,-0.638507938598194
HEI_000365--000015_410206,Master/Other,-0.1926948620024766,-0.0838480014879616
HEI_000404--000009_410301,Master/Other,-0.7326367950366255,-0.42145896938036165
HEI_000488--000005_411209,Master/Other,1.4502552846921108,2.626056607875958
IHEID_000707--000005_411209,PhD,-0.1883630990508769,-0.09861805008575374
HEI_000343--000004_411209,Master/Other,-0.2070903260527083,0.5546884236575899
HEI_000367--000008_410301,Master/Other,-0.22624462497110048,-0.12488562165562161
HEI_000523--000008_410206,Master/Other,-0.17379757624433634,-0.1329762982864743
HEI_000458--000002_411209,Master/Other,-0.25221314355602514,-0.1858983110497611
HEI_000626--000003_410301,PhD,2.2720843014317986,0.02485489410897344
HEI_000393--000003_411209,Master/Other,-0.19641499329382217,-0.18556452769439083
HEI_000363--000009_411209,Master/Other,-0.237646511823146,-0.11904897064848675
HEI_000561--000001_410301,PhD,-0.1417860661678626,-0.20021437259541439
HEI_000472--000010_410206,Master/Other,-0.2172427666458469,-0.09586203935079
HEI_000687--000002_410301,PhD,3.4556290465316035,-0.19722694182232758
HEI_000572--000003_410206,Master/Other,-0.2079702607396101,-0.06961330584659918
HEI_000400--000008_411209,Master/Other,1.2353702720687034,0.5977531648085922
HEI_000377--000014_411209,Master/Other,1.8645820517794354,-1.2803582890090879
HEI_000514--000006_411209,Master/Other,-0.20652293229025867,-0.1117924142067519
HEI_000496--000007_410206,Master/Other,-0.09596675673976882,-0.023277839351531476
HEI_000454--000006_410206,Master/Other,-0.9933931680897544,-0.564073250082198
HEI_000396--000006_410206,Master/Other,-0.19712452077231254,-0.0917378072722099
HEI_000540--000008_410206,Master/Other,0.864065390800538,-0.054271286301084784
HEI_000372--000011_410206,Master/Other,-0.6314646179197924,-0.08221788228331796
HEI_000493--000002_411209,Master/Other,-0.16445918317075747,-0.07369764914135
HEI_000406--000013_411209,Master/Other,-0.17594469779082883,-0.13255853962056247
HEI_000497--000003_410301,Master/Other,-0.1941961146065778,-0.09185116196504714
HEI_000484--000001_410206,Master/Other,3.225122799791209,0.15255528192859266
HEI_000648--000003_411209,PhD,-0.20278292828422026,-0.092550900374374
HEI_000641--000002_411209,PhD,0.23656654870119473,-4.6821433721285315
HEI_000622--000002_410301,Master/Other,-0.3179035721006685,-0.2040121219599706
HEI_000471--000005_AU2AC01037,Master/Other,-0.22299073992175975,-0.11111291465860053
HEI_000397--000002_411209,Master/Other,-0.1835691860650738,-0.16597892724087435
HEI_000359--000007_410206,Master/Other,3.2538249247841287,-3.7791410344416234
HEIBR_009196_411209,Master/Other,-0.18647519810706906,-0.08259165027553438
HEI_000683--000003_410301,PhD,-0.1940717095202407,-0.0930937362622253
HEI_000510--000007_411209,Master/Other,-0.3112217485932216,-0.2831028038207906
HEI_000492--000006_410206,Master/Other,1.7662588096442804,0.3040766388130359
HEI_000519--000006_411209,Master/Other,-0.13289384193062248,1.4332204066396355
HEI_000442--000001_410206,Master/Other,-0.1831495001791497,0.1491155915489831
HEI_000485--000005_411209,Master/Other,2.5363710048739225,1.1340207440833292
HEI_000328--000001_410206,Master/Other,-0.19718377930880582,-0.0716186953124238
HEI_000347--000005_411209,Master/Other,-0.09033917873895846,-0.1422720454304925
HEI_000399--000015_411210,Master/Other,-0.2884994945891552,0.08439535300739982
HEI_000385--000004_411209,Master/Other,-0.20204767836284712,-0.10844511828891695
HEI_000447--000004_411209,Master/Other,-0.6303261633117159,-0.2625953576353709
HEI_000463--000008_410301,Master/Other,-0.21952262450944052,-0.07242695943746097
HEI_000630--000004_410301,PhD,0.5965415803616997,-1.2798780698138765
HEI_000402--000012_411209,Master/Other,0.8795201599371071,2.1903500466238004
HEI_000502--000001_411209,Master/Other,-0.20029455373002317,-0.0981539792710213
HEI_000691--000005_410301,PhD,-0.20025265745073367,-0.06887372355060392
HEI_000450--000007_410206,Master/Other,-0.20146502273348865,-0.045359881059490355
HEI_000329--000005_410301,Master/Other,-0.21115851631926677,-0.1220567150434385
HEI_000459--000006_410206,Master/Other,-0.2198507868081114,-0.07880601972043762
HEI_000392--000007_410206,Master/Other,-0.19902917260372566,-0.08657284111467972
HEI_000355--000003_411209,Master/Other,-0.15510399047971965,-0.12895200277243124
IHEID_000711--000002_411209,PhD,-0.19474272244710492,-0.206537316274688
HEI_000515--000002_410206,Master/Other,-0.14333031733352095,0.018069833358454423
HEI_000376--000010_410206,Master/Other,-0.19963750626886972,-0.10208394112727395
HEI_000443--000005_410301,Master/Other,-0.15303195172665401,-0.08674626747897418
HEI_000348--000004_410206,Master/Other,0.4547621185063728,-1.5387334593010384
HEI_000474--000010_410301,Master/Other,0.40248139685635537,1.0620210723144259
HEI_000483--000005_410206,Master/Other,-0.10255218714949767,0.1000047686257112
HEI_000525--000008_410301,PhD,-0.5179959137177013,-2.502760359995052
HEI_000440--000005_AU2AC01037,Master/Other,-0.5230792946741428,-1.0079226670729478
HEI_000490--000007_410301,Master/Other,-0.19033490663639765,-0.10198223016930844
HEI_000386--000001_411209,Master/Other,-0.19637822483794617,-0.09542258097125346
HEI_000494--000006_411209,Master/Other,-0.14946103155974824,-0.05333899470041239
HEI_000516--000007_410206,Master/Other,-0.1920970765947899,-0.09995301465919344
HEI_000356--000006_411209,Master/Other,-0.0813189653092505,-0.2745016777007956
HEI_000361--000008_410206,Master/Other,-0.22391026590672394,-0.0982664822195848
HEI_000470--000011_411209,Master/Other,-0.0788242505834146,-0.19767329593971789
HEI_000312--000003_AU2AC01519,Master/Other,-0.20031278613054238,-0.08971494651799929
HEI_000513--000002_411209,Master/Other,-0.2194563364389118,-0.07521581005144748
HEI_000335--000006_411209,Master/Other,-0.19240934015174918,-0.043160148628465164
HEI_000461--000009_410206,Master/Other,-0.2256168233976965,-0.13513270867305954
HEI_000439--000003_410206,Master/Other,-0.21350419840501655,-0.11011910025063198
HEI_000394--000007_411209,Master/Other,-0.09193953808378066,-0.0476640761566491
HEI_000643--000003_410206,PhD,2.3976434108811135,-1.2864058675854906
HEI_000562--000004_411209,PhD,-0.1680097836446116,-0.0887594234736998
HEI_000504--000001_410206,Master/Other,-0.16042895055598658,-0.0906742765372423
HEI_000448--000006_AU2AC01037,Master/Other,-0.1972486541754889,-0.08575556625653634
HEI_000441--000004_410206,Master/Other,-0.21649013817959636,-0.08122738223925938
HEI_000633--000001_411209,PhD,-0.056386628320386684,-0.02453491988683223
HEI_000512--000006_410206,Master/Other,-0.1792687520594594,-0.08882699601732748
HEI_000352--000007_411209,Master/Other,-0.1862025234227877,-0.06823683711178441
HEI_000365--000009_410206,Master/Other,-0.1953278502332924,-0.046400089828640245
HEI_000438--000007_411209,Master/Other,-0.192344879014662,-0.10314669419746325
HEI_000435--000007_410301,Master/Other,-2.4360336118979813,-3.5370940375823117
HEI_000323--000001_411209,Master/Other,-0.31440477332926464,-0.24049984237120023
HEI_000521--000009_410301,Master/Other,2.7724595822633344,1.7083571936267083
HEI_000505--000005_411209,Master/Other,-0.023010064684073437,0.04588081348515379
HEI_000449--000001_411209,Master/Other,-0.23661103321839455,-0.09869705450406069
IHEID_000712--000007_410301,PhD,-0.23322676026779746,-0.11453009640910297
HEI_000570--000002_410301,Master/Other,-0.06279696299565593,-1.0672547168076463
HEI_000509--000001_410206,Master/Other,-0.21346844861529285,0.04139547740888141
HEI_000482--000001_411209,Master/Other,0.7115431079113174,-4.253239889731428
IHEID_000698--000003_411209,PhD,-0.1960915582890988,-0.07066912878778916
HEI_000338--000006_411209,Master/Other,-0.19008566579985806,-0.02772216377211818
HEI_000320--000002_AU2AC01519,Master/Other,-0.23429581192599358,-0.14367619906329535
HEI_000650--000001_411209,PhD,-0.17670198708146426,-0.07620927014437547
HEI_000546--000008_411209,PhD,-0.36484296374865555,0.24327105370870147
IHEID_000700--000001_410301,PhD,-0.21478464667100422,-0.12237737844644218
HEI_000681--000005_410301,PhD,-0.19256713181967514,-0.05438783206864116
HEI_000512--000001_411209,Master/Other,-0.12948093394913418,-0.04164164843584384
IHEID_000716--000001_410206,PhD,-0.28132565388318737,-0.5155770270791393
HEI_000371--000013_411209,Master/Other,-0.32101996154191864,-0.14841152067114985
HEI_000499--000001_410206,Master/Other,-0.19221115382920773,-0.0706446314673918
HEI_000620--000004_410301,PhD,-0.183490861244939,-0.07849705464741216
IHEID_000705--000003_410301,PhD,-0.20174314346147873,-0.0804172443702662
HEI_000522--000010_410301,Master/Other,-0.20505744680230095,-0.08121583461849644
HEI_000395--000004_411209,Master/Other,-0.19771830205559252,-0.21320530228705406
HEI_000453--000005_410301,Master/Other,-0.08305424158112501,-0.029570850553710025
HEI_000398--000004_410301,Master/Other,-0.18788425990337881,-0.10635059087724599
HEI_000382--000007_410206,Master/Other,3.041686317113573,0.13084939967641593
HEI_000500--000007_411209,Master/Other,-0.18894526632937855,-0.03327742732802639
HEI_000363--000015_411209,Master/Other,1.2344217754586548,-2.2422500867038178
HEI_000566--000002_410206,PhD,-0.6694352190673428,-0.3543148060571761
HEI_000433--000008_AU2AC01037,Master/Other,1.410348759286992,-0.17750634330677342
HEI_000377--000008_411209,Master/Other,3.071281399629257,1.4768657277415174
HEIBR_009004_410206,Master/Other,-0.21724606712255962,-0.15305724890042313
HEI_000632--000002_410301,PhD,-0.1713154304614375,-0.03370915032990162
HEI_000571--000001_411209,Master/Other,-0.26324461456351683,-0.23861456083630062
HEI_000448--000002_410301,Master/Other,-0.3499173859459285,-0.3478234087460945
IHEID_000713--000004_411209,PhD,2.0876423737546306,0.830440751737631
HEI_000338--000001_410206,Master/Other,-0.22958447458438716,-0.07485430560436815
HEI_000367--000014_410301,Master/Other,0.20126124066621134,-0.34115931504848773
HEI_000390--000001_410206,Master/Other,1.1330707910054676,1.665074686208847
HEI_000457--000004_410301,Master/Other,-0.17126163894310173,0.04216071921344211
HEI_000327--000007_410206,Master/Other,-0.5563044815060955,0.5397402683334921
HEI_000483--000002_411209,Master/Other,3.5752134132266224,-0.2779552005427913
HEI_000501--000003_410206,Master/Other,-0.25803222060189757,-0.12326026099219625
HEI_000341--000002_411209,Master/Other,-0.17973363796990913,-0.06757243067195386
HEI_000655--000003_410301,PhD,-0.323925933192676,0.1760926079551746
HEI_000378--000012_410301,Master/Other,-0.2004585770926528,-0.18361242842677633
HEI_000444--000006_410206,Master/Other,-0.1983498690521323,-0.07494890768317698
HEI_000685--000004_410301,PhD,0.8221208499210247,0.3369209350724848
HEI_000658--000003_411209,PhD,-0.20466541628787932,-0.09705999206172279
HEI_000651--000002_411209,PhD,-0.19882893539100077,-0.09019095061058527
HEI_000339--000005_411209,Master/Other,-0.1959701884613791,-0.08852178639029887
HEI_000375--000012_411209,Master/Other,2.3890122603747486,0.995850065198816
HEI_000330--000004_411209,Master/Other,1.4211353094600387,0.9232348684379269
HEI_000399--000009_411210,Master/Other,-0.24562957989265116,-0.14333649004000207
HEI_000314--000008_410301,Master/Other,-0.20899151666206978,-0.0967306766437013
HEI_000487--000003_410301,Master/Other,-0.19917149112695431,-0.06685504222498019
IHEID_000701--000002_410301,PhD,-0.1962419634123026,-0.14045306388102596
HEI_000391--000005_411209,Master/Other,-0.1981900218721796,-0.08814296618398229
HEI_000353--000004_411209,Master/Other,-0.25877978587661266,-0.2779274471202145
HEI_000387--000002_410301,Master/Other,-0.24836773164215295,-0.10772188452408274
HEI_000498--000005_411209,Master/Other,1.3014068777140984,-2.95493744381125
HEI_000445--000002_410301,Master/Other,-0.24707913165329115,-0.12242456288676345
HEI_000491--000004_411209,Master/Other,-0.19433536647534444,-0.08567624953166096
HEI_000469--000002_411210,Master/Other,-0.19867736544388342,-0.09418814716696759
HEI_000439--000004_411209,Master/Other,-0.19819157900912676,-0.09174284638577145
HEI_000504--000006_411209,Master/Other,-0.2588478399518052,-0.31588035611262233
HEI_000486--000007_410206,Master/Other,-0.18676807485198943,-0.08887396738170013
HEI_000434--000004_410301,Master/Other,-0.6393001008793482,-0.940969537303132
HEI_000373--000009_411209,Master/Other,-0.18593547356181983,-0.037392858903648754
IUED_000264--001625_410206,PhD,-0.206119818513711,-0.10287730882431952
HEI_000320--000003_AU2AC01519,Master/Other,-0.1364848276269878,-0.10790025327245963
HEI_000497--000006_410301,Master/Other,1.9709392798049097,0.3700754883380182
HEI_000355--000006_410301,Master/Other,-0.2399327272728462,-0.017639119496861685
HEI_000346--000004_410206,Master/Other,-0.1922037360656311,-0.02193614292313113
HEI_000506--000005_411209,Master/Other,-0.1943250627051912,-0.08973319596318483
HEI_000522--000009_410301,Master/Other,0.3841754043580574,4.000624934355537
HEI_000396--000003_410206,Master/Other,-0.1851552745846727,-0.06616038787333067
HEI_000366--000009_410206,Master/Other,-0.19608927215659347,-0.09920519135460433
HEI_000372--000014_410206,Master/Other,-0.18510062024431348,-0.06795667642646806
HEI_000630--000001_411209,PhD,0.03312047425755389,0.0505962864109789
HEI_000493--000007_411209,Master/Other,-0.19819496750128404,-0.09258863662209484
HEI_000393--000006_411209,Master/Other,-1.7211450515524591,-0.52302682126885
HEI_000561--000004_410301,PhD,-0.21956357629576032,-0.16998023965170586
HEI_000451--000006_411209,Master/Other,-0.10238497084206545,-0.2780226508965148
HEI_000377--000011_411209,Master/Other,0.01646742256675662,-0.8120669787832374
HEI_000496--000002_410206,Master/Other,-0.28138152566040636,-0.2337253519498904
HEI_000514--000003_411209,Master/Other,-0.1980059165485089,-0.08399045661142628
HEI_000354--000002_410206,Master/Other,-0.18830749071719233,-0.0875912947503824
HEI_000653--000001_411209,PhD,-0.23820411216241852,-0.1210754232078792
HEI_000446--000005_410206,Master/Other,-0.21175765479406577,-0.12230832506735236
HEI_000384--000005_410206,Master/Other,-0.19315763484959833,-0.08756705690445504
HEI_000343--000001_411209,Master/Other,-0.1967724122038898,-0.07693181533173415
HEI_000565--000005_411209,Master/Other,-0.6386382242664338,-0.1972470302699322
HEI_000473--000011_411209,Master/Other,-0.565150026311834,-0.23726901600700376
HEI_000392--000002_410206,Master/Other,3.668616734215704,0.5897787113315685
HEI_000436--000007_411209,Master/Other,-0.23097560101948603,-0.11565524336995969
HEI_000333--000003_410206,Master/Other,-0.20272787160463485,-0.10587278669142466
HEI_000376--000015_410206,Master/Other,0.06038135272036843,-0.025190379879670485
HEI_000573--000002_411209,Master/Other,-0.3384414401348958,-0.05918591501433513
HEI_000464--000012_410206,Master/Other,-0.21658482278193808,-0.3433910658044689
HEI_000682--000002_410206,PhD,-0.18497621720769003,-0.08664139716503967
HEI_000399--000010_411210,Master/Other,-0.25606417702513556,-0.10046015381187609
HEI_000432--000006_410301,Master/Other,-0.12076025537132212,-0.4071582143524184
HEI_000502--000004_411209,Master/Other,-0.1868270955927588,-0.07527607693989385
HEI_000480--000005_410206,Master/Other,1.9576564689211449,0.7501839097335138
HEI_000432--000003_AU2AC01037,Master/Other,-0.23109293371382503,-0.061889114767859556
IHEID_000703--000001_411209,PhD,0.44649739242009157,0.3061973384355037
HEI_000458--000007_410301,Master/Other,-0.3402842860581708,-0.12946948293061053
HEI_000312--000002_AU2AC01519,Master/Other,0.7973846736934903,-0.5775465103358461
HEI_000328--000004_410206,Master/Other,-0.19081138006471954,-0.09902896089304651
HEI_000364--000013_410206,Master/Other,-0.18582025439394217,-0.11560468187427038
HEI_000690--000004_410206,PhD,-0.1970951716883034,-0.09077110757755125
HEI_000397--000007_411209,Master/Other,0.409820890096506,3.3429579195076107
HEI_000455--000007_411209,Master/Other,-0.19273119136742797,-0.08489661172645696
HEI_000336--000006_411209,Master/Other,-0.2299869670154162,-0.17225948003316371
HEI_000638--000004_410206,PhD,-0.21420987500435346,-0.008354617689168925
HEI_000492--000003_410206,Master/Other,-0.370120244792031,-0.21958265404432933
HEI_000510--000002_411209,Master/Other,-0.5897334060388474,-2.359306885167687
HEI_000373--000010_411209,Master/Other,2.275894373456252,0.2598471261004576
HEI_000519--000003_411209,Master/Other,4.205128868735818,-2.1492185122464944
HEI_000359--000002_410206,Master/Other,-0.21227011709912072,-0.09949816329653842
HEI_000484--000003_410301,Master/Other,-0.1871570916587059,-0.07196825337825893
HEI_000474--000009_410301,Master/Other,-0.17302312445646792,-0.1693512060273833
HEI_000489--000003_411209,Master/Other,-0.2109884167654552,-0.13809384276217704
HEI_000361--000011_410206,Master/Other,0.12531855803957043,-0.7052232864729837
HEI_000623--000004_411209,PhD,-0.5177722918208076,-1.0875738057038624
HEI_000470--000008_411209,Master/Other,1.5242080256269488,0.414736067288992
HEI_000480--000002_411209,Master/Other,0.04761937915446071,1.7463912884960044
HEI_000479--000009_411209,Master/Other,1.109478222865612,2.2666497558404903
IHEID_000706--000003_411209,PhD,-0.17456652833126748,-0.1358661979905981
HEI_000342--000002_411209,Master/Other,-0.19760655303543564,-0.09000382192209057
HEI_000357--000012_411210,Master/Other,-1.4519475649009577,-1.8319377264527787
HEI_000380--000003_411209,Master/Other,-0.19795581717584032,-0.07147365013876672
HEI_000769--000009_AU2AC01233,Master/Other,-0.3340854998568487,0.521194303405281
HEI_000389--000002_411209,Master/Other,-0.1847119895275169,-0.0563426287384785
HEI_000442--000003_411209,Master/Other,-0.21529970886581526,-0.1513948545197038
HEI_000437--000004_410301,Master/Other,-0.9442436519076266,-0.8911105314221308
HEI_000325--000003_410301,Master/Other,-0.1951070479517529,-0.0900163364409815
HEI_000369--000014_410301,Master/Other,-0.2023226245045755,-0.07401997278784458
HEI_000503--000007_410301,Master/Other,-0.2397136471906405,-0.0780202478823596
HEI_000433--000005_411209,Master/Other,-0.19171229311978796,-0.15025145558887384
HEI_000350--000004_411209,Master/Other,-0.0019024130535807713,0.052832042723734575
HEI_000374--000008_410301,Master/Other,0.7776853063170444,-3.591628988592907
HEI_000336--000001_410206,Master/Other,-0.21123341637402476,-0.05739200209494274
IHEID_000696--000004_410206,PhD,0.2029607526307479,0.9172705117298572
HEI_000388--000006_410206,Master/Other,-0.20144691366363407,-0.0801951576742606
HEI_000381--000007_410206,Master/Other,-0.25905626227182915,-0.4638007066899213
HEI_000365--000010_410206,Master/Other,-0.3137800583106265,0.13011817744835913
HEI_000454--000004_411209,Master/Other,-0.1898592112539803,-0.07409509027520493
HEI_000564--000006_410301,PhD,-0.19818659885557988,-0.09120720950343285
HEI_000521--000010_410301,Master/Other,-0.19681133964506445,-0.08971406352508021
HEI_000358--000001_410206,Master/Other,2.7665238776927,-0.5987025196439193
HEI_000656--000003_411209,PhD,-0.19721694487564373,-0.08896499182383547
IHEID_000715--000001_410206,PhD,-0.19448820764944563,-0.09660592026930814
HEI_000511--000001_411209,Master/Other,-0.20646938433682227,-0.00048179978689200044
HEI_000451--000001_410206,Master/Other,-0.04066065272100335,0.005778397014500898
HEI_000507--000006_410301,Master/Other,-0.05222256218922399,-0.38324333273017436
HEI_000321--000002_410301,Master/Other,-0.19130814665433765,-0.19071495265851218
HEI_000635--000003_411209,PhD,-0.12452378725229916,-0.40051206138124196
HEI_000384--000002_411209,Master/Other,0.42754909701663885,-0.3779101749304842
HEI_000446--000002_411209,Master/Other,-0.20911927851621284,-0.11056665555813909
HEI_000631--000002_410301,PhD,-0.1696589047919397,-0.18498023766609709
IHEID_000714--000005_410301,PhD,-0.3363953450531818,-0.32233963920154257
HEI_000343--000006_410206,Master/Other,-0.4569543351189385,-1.1798382755284758
HEI_000448--000007_410301,Master/Other,-0.07322499437393315,-0.22746589537659945
HEI_000517--000001_410206,Master/Other,-0.19630587710878028,-0.0873406490235892
HEI_000331--000005_410206,Master/Other,-0.2087170043117624,-0.1480630137740844
HEI_000404--000010_410301,Master/Other,-0.23698688670358786,-0.31944863627247927
HEI_000390--000004_410206,Master/Other,2.6897382584080587,-0.903384549944655
IUED_000262--001616_AU2AC01233,PhD,-0.19396219044848426,-0.08623685225787181
HEI_000452--000004_410206,Master/Other,-0.3614023945266412,-0.9986672271661016
HEI_000367--000011_410301,Master/Other,-0.1353051646031915,0.2766474578709253
HEI_000500--000002_411209,Master/Other,-0.2157381544258208,-0.10066913912509359
HEI_000326--000006_411209,Master/Other,-0.18598594541284416,-0.07277439649868721
HEI_000363--000010_411209,Master/Other,-0.2031594698937545,-0.09621252579862469
HEI_000445--000007_411209,Master/Other,3.98270565932607,-0.9315265264772433
HEI_000400--000011_411209,Master/Other,0.9066884141803515,1.1266760287669033
HEI_000491--000001_410301,Master/Other,-0.14952892724333508,-0.0038616509266608
HEI_000680--000004_410206,PhD,2.6716402601866367,0.24877271124872305
HEI_000398--000001_410301,Master/Other,2.1909285513790318,3.4566373701439717
HEI_000345--000006_411209,Master/Other,1.6846283221330447,0.3171287983005711
HEI_000563--000002_411209,Master/Other,0.10986704800047929,-0.37692022181338125
IUED_000269--001703_410206,PhD,-0.18168868967419352,-0.068326683036447
HEI_000440--000002_410206,Master/Other,-0.27921139134181827,-0.09608619847371219
HEI_000330--000001_410301,Master/Other,-0.18131479470229578,0.03782165416863663
HEI_000372--000008_410206,Master/Other,-0.17265266980054947,-0.0632183921865455
HEI_000499--000004_410206,Master/Other,2.696025883827982,0.3058303581793686
HEI_000633--000003_410206,PhD,0.0062539673902901795,0.14341659442357618
HEI_000688--000001_410301,PhD,-0.17943881982302837,0.00470319534840329
HEI_000692--000002_410206,PhD,-0.22044973914740656,-0.03517849567155965
HEI_000395--000001_411209,Master/Other,-0.18924664082457066,-0.15984661665979993
HEI_000620--000001_410301,Master/Other,-0.19373563248291076,-0.11324424778754899
HEI_000344--000002_410206,Master/Other,0.2508627017601699,-2.7099043009656123
HEI_000434--000001_410301,Master/Other,-0.023194073710031304,-0.02510348255397523
HEI_000486--000002_410206,Master/Other,-0.26676728012808454,-0.13892347280201825
HEI_000383--000006_411209,Master/Other,-0.19185466642772023,-0.0043311688985090725
HEI_000555--000008_411209,Master/Other,-0.07439273649658418,0.153010541224782
HEI_000370--000012_410206,Master/Other,-0.199804776691141,-0.09309144220180263
HEI_000387--000007_410301,Master/Other,-0.42065329740113905,-0.1965643359572973
HEI_000469--000007_411210,Master/Other,1.2619770365293457,0.5691440325762644
HEI_000456--000005_410206,Master/Other,0.38670942341636527,4.154036857333971
HEI_000516--000005_411209,Master/Other,-0.1275620948570319,0.8177564837668483
HEI_000356--000004_410206,Master/Other,-0.23036678564787935,-0.043801401263485175
HEI_000463--000011_410301,Master/Other,0.3698500997126389,0.24391232933270188
HEI_000487--000006_410301,Master/Other,-0.19952147363497566,-0.09919867309563361
HEI_000403--000006_411210,Master/Other,-0.2240828592140034,-0.04394387479419033
IHEID_000708--000006_410301,PhD,-0.1867752471606347,-0.0804673442214446
HEI_000567--000003_411209,PhD,-0.20166574097625348,-0.11141299682231025
HEI_000457--000001_410301,Master/Other,-0.04420616229526099,-1.2675989571669646
HEI_000501--000006_410206,Master/Other,-0.1479961589203374,-0.08766188033591055
HEI_000536--000008_411209,PhD,-0.18215480052156086,-0.09768388310507842
HEI_000444--000003_410206,Master/Other,-0.1795637044940657,-0.047274424942742574
HEI_000467--000010_411209,Master/Other,-0.5091586050763528,-0.6452453702612339
HEI_000376--000009_410206,Master/Other,3.1125639214805054,0.5036539963887138
HEI_000504--000004_410206,Master/Other,-0.19837471572627552,-0.08900273362897236
IHEID_000700--000004_411209,PhD,-0.19240090117999598,-0.0703879830876059
HEI_000625--000003_411209,Master/Other,0.4357437417303752,-2.0293539163116443
HEI_000369--000008_410301,Master/Other,-0.1555714711477042,-0.2885485504409514
HEI_000383--000001_410206,Master/Other,-0.21139619809813556,-0.15453256809749322
HEI_000769--000007_411209,Master/Other,-0.23895887257965776,-0.11045484836673591
IUED_000264--001627_411209,PhD,-0.18612826756932552,-0.08072255098040934
HEI_000680--000003_410301,PhD,4.227999405234013,0.9802032667311007
HEI_000575--000002_410206,Master/Other,0.3758988403586771,0.014627928431347215
HEI_000513--000007_411209,Master/Other,-1.6718845897790942,-2.367334030527136
HEI_000335--000003_411209,Master/Other,0.19686720684289136,-1.3673695331567708
HEI_000498--000007_410206,Master/Other,-0.18980831392194542,-0.04344081420095106
IHEID_002220--000001_411209,PhD,-0.1944634615242996,-0.0626187528354726
HEI_000405--000013_410301,Master/Other,-0.1698120827924806,-0.10268263372988858
HEI_000339--000007_410206,Master/Other,0.4631470044247646,-0.74048045880194
HEI_000642--000002_410301,PhD,2.8420734580182474,1.3607101747852766
HEI_000501--000001_411209,Master/Other,-0.12743926258531807,2.063241484300138
HEI_000348--000001_410206,Master/Other,-0.13627298880392555,0.031669211353319196
HEI_000386--000004_411209,Master/Other,-0.5054792609928944,-0.4952627926521713
HEI_000531--000010_410301,PhD,-0.18501210224623965,-0.012983934899131591
HEI_000338--000003_411209,Master/Other,-0.22074493118043143,0.04645356446412391
HEI_000636--000001_410206,PhD,-0.15523717528369596,-0.09638539425624457
HEI_000331--000002_411209,Master/Other,-1.1763493397251956,-0.3136585212993544
HEI_000495--000007_410206,Master/Other,0.5981202801576148,0.2484078850854429
HEI_000517--000006_411209,Master/Other,-0.19215834730242426,-0.08679736017029896
HEI_000311--000003_AU2AC01519,Master/Other,-0.1986614052781607,-0.08655744242710432
HEI_000471--000010_410206,Master/Other,-0.21981553559993677,-0.11882226756801215
HEI_000360--000009_411209,Master/Other,-0.48841123726889973,-0.17042079402042173
HEI_000562--000001_410301,Master/Other,-0.2577049216840219,-0.10585564704053005
HEI_000509--000004_410206,Master/Other,4.084867120968842,-1.304469404795298
HEI_000628--000003_411209,PhD,-0.16618687288825917,-0.0626323609099843
HEI_000482--000004_411209,Master/Other,-0.21351459553422317,-0.035930337696422815
HEI_000349--000005_411209,Master/Other,-0.560875393996478,1.9983452258750143
HEI_000407--000009_410301,Master/Other,-0.2172839326495089,-0.10333630020715916
HEI_000366--000012_411209,Master/Other,-0.19905535585469075,-0.09488891753786341
HEI_000323--000004_411209,Master/Other,-0.11274110414700607,0.08886908791999328
HEI_000563--000005_410206,PhD,-0.30697659833705915,-0.2512397053671212
HEI_000382--000005_411209,Master/Other,0.4320421243149298,-1.2608903113860004
HEI_000494--000003_410301,Master/Other,-1.8917573246575474,-1.1133264588809706
HEI_000449--000004_411209,Master/Other,-0.21023154724598217,-0.05478437871106831
HEI_000469--000009_411209,Master/Other,-0.18097263289691262,-0.09322669535681616
IHEID_000694--000002_410206,PhD,-0.15920544555218302,-0.10025150095877902
IHEID_000716--000003_411209,PhD,-0.14564985805178854,-0.10310050148365771
HEI_000401--000012_410301,Master/Other,-0.2177579078726689,-0.09857140154232197
HEI_000512--000003_410206,Master/Other,-0.23073975333593427,-0.09176555232398029
HEI_000362--000013_410301,Master/Other,-0.8938319682306505,-0.764061405707252
HEI_000646--000003_410301,PhD,1.4818433274639717,1.3755568848694097
HEI_000431--000003_411209,Master/Other,-0.16568591713298145,-0.05355332648168396
HEI_000438--000002_411209,Master/Other,-0.1667459893548378,-0.1496919543564764
HEI_000408--000002_410301,Master/Other,-0.18076455172000863,-0.13427764035334389
HEI_000557--000004_410206,PhD,-0.16710094583863377,-0.09163574643332616
HEI_000499--000012_411209,Master/Other,-0.1908806396591595,-0.05798092453429965
HEI_000531--000001_411209,PhD,-0.1657091992634842,-0.15160724058629554
IHEID_000923--000004_410206,PhD,-0.12174619356040071,0.11264480046411475
HEI_000386--000015_410301,Master/Other,-0.16991979367852017,-0.09473044494506179
IHEID_000930--000006_410301,PhD,-0.1918826850754824,-0.09017725914421454
IUED_000270--001708_410301,PhD,-0.20712906702105005,-0.09382040701326824
HEI_000474--000004_411209,Master/Other,2.681794770325404,1.641584662286897
IHEID_000722--000002_411209,PhD,-0.21258321015133078,-0.08282228207256155
HEI_000526--000002_410206,PhD,-0.18759873811510613,-0.09560156579752932
HEI_000479--000004_410301,Master/Other,-0.38481099484656234,0.1820817895261504
HEI_000594--000001_410301,Master/Other,4.78635322626137,0.4771790141616032
HEI_000405--000002_411209,Master/Other,2.647336348454475,-4.412576916561
HEI_000432--000004_AU2AC01037,Master/Other,-0.6637427197005045,-1.0386705472846733
HEI_000437--000009_411209,Master/Other,-0.20375050007779247,-0.09259064156051863
HEI_000370--000004_410301,Master/Other,-0.28934080060326917,3.3945732074468182
HEI_000354--000008_411209,Master/Other,-0.21807454809787424,-0.13483004739876686
HEI_000387--000011_410206,Master/Other,-0.18771717579625946,-0.07902691563855346
HEI_000514--000009_410206,Master/Other,-0.4177453117533711,-0.2803676839246598
HEI_000618--000003_410301,PhD,0.46485504995675836,-0.49003966976452884
HEI_000544--000006_411209,Master/Other,-0.1872338917019154,-0.05418029351754557
HEI_000401--000003_411209,Master/Other,-0.20290074663599708,-0.08746882026841404
HEI_000467--000006_410206,Master/Other,-0.19504859885336848,-0.11143468327713739
HEI_000508--000005_AU2AC01233,Master/Other,-0.22787820605857412,-0.02490129150874002
HEI_000672--000002_411209,PhD,-0.32325767418205864,-0.1889027385539516
HEI_000375--000001_410206,Master/Other,1.7584424758767674,1.6087781823953415
IHEID_002355--000004_410301,PhD,-0.18551011575173101,-0.11871396808978082
HEI_000356--000012_411209,Master/Other,0.4548137105786978,1.382673191280138
IHEID_002265--000006_411209,PhD,-0.18190722867921744,-0.11204669086326785
HEI_000470--000005_411209,Master/Other,0.5583270909153893,0.2690303801102852
HEI_000530--000005_410206,PhD,-0.18721737932954807,-0.0759432727898248
HEI_000466--000002_410301,Master/Other,-0.35627088124017886,-0.30712433707369263
HEI_000435--000003_AU2AC01037,Master/Other,-0.1252801860855375,0.055268270268608276
HEI_000611--000002_411209,Master/Other,-0.22548131176529515,-0.19930619433267582
HEI_000394--000013_411209,Master/Other,4.103961214894939,-4.2309685556928835
HEI_000390--000012_410301,Master/Other,-0.1727698364255727,-0.12493898605670198
HEI_000527--000006_411209,PhD,-0.1942677345058536,-0.06867035794437447
HEI_000351--000004_411210,Master/Other,-0.18120573292049397,-0.10234253690651206
HEI_000606--000001_410206,Master/Other,-0.16412212188364977,-0.12173342719129433
HEI_000660--000004_411209,PhD,-0.18960392604681867,-0.07379897124511026
HEI_000374--000005_410301,Master/Other,-0.7282256608054882,-0.2598291079177071
HEI_000441--000010_410206,Master/Other,-0.207180022823124,-2.8352713999479935
HEI_000544--000001_410206,PhD,-0.2137770211408014,-0.2601970276781936
IHEID_000930--000001_410206,PhD,-0.21725246737005813,-0.0991049296962975
HEI_000610--000001_410301,Master/Other,-0.17214820020326074,-0.10697068679457679
HEI_000378--000006_410301,Master/Other,-0.15045197822678763,0.04700724733745521
HEI_000535--000007_410206,Master/Other,-0.07554648452669663,0.03349808721613476
HEI_000453--000011_411209,Master/Other,-0.22195964627014053,-0.08898995619946543
HEI_000391--000011_411209,Master/Other,-0.21683261559103117,-0.08174090008627133
HEI_000480--000008_410206,Master/Other,-0.2323607195489443,-0.16544487607562705
HEI_000502--000009_411209,Master/Other,-0.3948022817660999,0.032791233156979904
HEI_000489--000009_410206,Master/Other,0.11603010211314396,-1.111891199415667
HEI_000539--000003_411209,PhD,-0.3105925959977176,0.9614711334171463
HEI_000389--000008_410206,Master/Other,-0.21863052505187255,-0.10475339362944845
HEI_000556--000007_410206,Master/Other,-1.1109995501916317,-1.4264215757735614
IUED_000263--001619_410301,PhD,0.3829317790769119,3.290972784375912
HEI_000491--000010_411209,Master/Other,-1.4129848532424798,-0.5017511699462707
HEI_000379--000002_410206,Master/Other,-0.19474072318021307,-0.08140533851729626
HEI_000322--000004_AU2AC01037,Master/Other,-0.20913037634593495,-0.09301004305187577
HEI_000363--000001_410301,Master/Other,-0.20389647395734625,-0.09897106934701302
HEI_000598--000002_411209,Master/Other,-0.19878235496844296,-0.10419363304170197
HEI_000462--000004_410206,Master/Other,-0.2080351249057146,-0.11781451627222453
HEI_000317--000002_410206,Master/Other,-0.21229538383972535,-0.11296236546207386
HEI_000538--000007_410206,Master/Other,-0.2242106286651115,-0.14380170618341126
HEI_000676--000004_410206,PhD,1.9834211502335426,-0.1555278401589206
HEI_000371--000007_411209,Master/Other,-0.32485498146895303,-1.1924026727092378
HEI_000457--000010_411209,Master/Other,-2.6712767952390517,5.572585334664513
HEI_000506--000008_411209,Master/Other,0.4111984566851691,0.39039035223129603
HEI_000522--000004_410301,Master/Other,-0.19421312708004573,-0.07976010785224223
HEI_000395--000010_411209,Master/Other,-0.22178218485014722,-0.17346791137045897
HEI_000366--000004_410206,Master/Other,0.7388775890282879,0.4876412307317612
HEI_000350--000007_411210,Master/Other,-0.18877611830177285,-0.07250138300752923
HEI_000526--000005_411209,PhD,-0.24954997041809682,-0.2484322475690159
HEI_000607--000002_410206,PhD,-0.22829562384681157,-0.14816582492829583
HEI_000382--000013_410206,Master/Other,0.3634902887714408,0.6682427346695785
HEIBR_001167_410206,Master/Other,-0.17359560825925757,-0.09416080697026769
HEI_000434--000009_AU2AC01037,Master/Other,-0.48583075805381915,-0.36955168210189593
HEI_000545--000005_411209,PhD,1.5061884119799769,0.9380809645494922
HEI_000534--000003_411209,PhD,-0.14033020981352978,0.008062872756993356
HEI_000615--000004_410206,Master/Other,-0.7276586197310344,-0.3329577596194599
HEI_000446--000008_410206,Master/Other,-0.20836656386609984,-0.08795814254256999
HEI_000384--000008_410206,Master/Other,-0.2270700840810041,-0.05017743133391753
HEI_000552--000006_410206,PhD,-0.3291512278436187,-0.17226684306891651
HEI_000541--000004_410301,PhD,-0.1969798959545283,-0.09303492157851118
HEI_000548--000005_410301,PhD,-0.19659456539894402,-0.07743564702151061
HEI_000318--000006_AU2AC01037,Master/Other,-0.1999357859180145,-0.10405055951668954
HEI_000310--000006_AU2AC01519,Master/Other,1.3626901897112094,-1.1449399552734616
HEI_000478--000007_411209,Master/Other,-0.040785417713210245,-0.2852547629676436
HEI_000315--000003_410301,Master/Other,-0.1953466314856605,-0.1128160559778661
IHEID_000724--000005_411209,PhD,-0.21127747082040998,-0.048195391731781355
HEI_000360--000004_411209,Master/Other,-0.20989904033130252,-0.1362508420452573
HEI_000472--000003_411209,Master/Other,-0.18802561979544707,-0.09679201021498157
HEI_000393--000010_410206,Master/Other,-0.2162971160310807,-0.12431549145551053
HEI_000482--000009_411209,Master/Other,-0.16857871482753653,-0.03270803258249368
HEI_000542--000001_410301,PhD,1.1544998132473512,0.07073103845341805
HEI_000349--000008_411209,Master/Other,-0.19728876794398398,-0.08811500301726789
HEI_000551--000003_410206,Master/Other,-0.19828781578011792,-0.14279379643914106
HEI_000311--000002_411209,Master/Other,-0.14840989724395776,-0.04566315336939763
HEI_000616--000001_410206,Master/Other,-0.2111761215977114,-0.11139873454405512
HEI_000521--000001_410301,Master/Other,-0.17199763292118095,0.04703894615150937
HEI_000396--000015_411209,Master/Other,-0.07823459996398219,-0.2515259843474946
HEI_000593--000002_410206,Master/Other,-0.20250440068372383,-0.09739575093985116
HEI_000518--000011_411209,Master/Other,-0.09084337600079025,-1.0185646063081326
HEI_000358--000010_410206,Master/Other,-0.19029753873042782,-0.09823249728731136
HEI_000440--000008_411209,Master/Other,-0.13621776381905454,-0.07752322165217354
HEI_000613--000004_411209,Master/Other,-0.21198158491716998,-0.13673970088898313
HEI_000351--000011_410206,Master/Other,-0.19326299776063804,-0.1390832253803862
HEI_000464--000004_410301,Master/Other,-0.19862847047452462,-0.09158611017806247
HEI_000444--000009_410301,Master/Other,-1.0052762018924364,0.7834380260193775
HEI_000662--000002_411209,PhD,-0.13110266369537008,0.17473004764556793
HEI_000543--000005_410206,PhD,-0.22077587225473003,-0.09115234043326008
HEI_000365--000001_410206,Master/Other,-0.176423881594957,-0.09571440516937434
HEI_000608--000003_410301,Master/Other,2.272471930414383,-0.6093443571320486
HEI_000476--000002_411209,Master/Other,-0.19312675829561204,-0.0843719891274316
HEI_000369--000005_410301,Master/Other,-0.16846035871912643,-0.192353334967869
HEI_000555--000002_410206,PhD,-0.36229292385366385,0.22337710814190112
HEI_000674--000005_411209,PhD,-0.17047111350698424,-0.06949565590682504
HEI_000359--000014_411209,Master/Other,-0.21987703869417186,-0.09978100997112088
HEI_000533--000007_411209,PhD,-0.1405250129556651,2.5813032482424667
HEI_000407--000004_411209,Master/Other,-0.19052826373393722,-0.0827057760472086
HEI_000670--000004_410301,PhD,1.996540811206607,1.008017849857011
HEI_000537--000006_410301,PhD,-0.18531598711760036,-0.04234682411911023
HEI_000318--000003_410301,Master/Other,-0.20293453009266652,-0.12438891192303785
HEI_000605--000003_411209,Master/Other,-0.7655826307916652,-0.679254235125767
HEI_000524--000004_410206,Master/Other,-0.2053362479697666,0.03728339622062152
HEI_000334--000003_411210,Master/Other,-0.21190891093087272,-0.0952124438880987
HEI_000449--000009_410301,Master/Other,-0.1625384978534453,-0.2028525415367297
HEI_000357--000003_411210,Master/Other,0.3256916101521871,2.851806472079851
HEI_000392--000014_411209,Master/Other,-0.535613731626029,0.9851277047852234
HEI_000473--000007_410206,Master/Other,-0.19032101830156706,-0.057840426913737746
HEI_000484--000012_410301,Master/Other,-0.22428772885852344,-0.1079428380823599
HEI_000376--000003_411209,Master/Other,-0.10307436543862576,-0.04940815217011679
HEI_000515--000011_411209,Master/Other,-0.19420034919996465,-0.0899525743418427
HEI_000584--000001_410301,PhD,-0.2069547052068702,-0.11903702931391039
HEI_000386--000009_411209,Master/Other,-0.20289413270151807,-0.09759438722655851
HEI_000529--000003_410301,PhD,-0.14261865373169716,0.060191307103654036
HEI_000520--000002_410301,Master/Other,-0.18385547937554583,-0.021397057357103486
HEI_000555--000005_411209,Master/Other,-0.19735682700732038,-0.11145446212488276
HEI_000373--000001_411209,Master/Other,1.3794563784937324,0.5228637782715063
HEI_000461--000006_411209,Master/Other,-3.2701608017683443,-0.7423917966641916
HEI_000389--000014_410206,Master/Other,-0.16803337364106266,-0.09474573087978316
HEI_000468--000007_411209,Master/Other,-0.1959953309087632,-0.0878939621272561
HEI_000585--000002_411209,Master/Other,-0.20481796525346257,-0.1485384498341616
HEI_000663--000001_411209,PhD,-0.14431679176095108,-0.07481509217052151
HEI_000364--000002_410206,Master/Other,-0.21575297327057785,-0.09880147413582781
IHEID_000720--000003_410206,PhD,-0.2255685044605935,0.04706079703717373
HEI_000456--000008_410206,Master/Other,-0.14622557805336805,-0.005254449584862236
HEI_000532--000004_410301,PhD,-0.14682701409884996,0.036386115839464134
HEI_000385--000010_411209,Master/Other,-0.20844096980885007,-0.10989255222751111
HEI_000447--000010_411209,Master/Other,-0.19769903287348212,-0.030021253411949354
HEI_000666--000004_410206,PhD,2.565118156424639,0.24329978039036637
HEI_000547--000003_411209,Master/Other,-0.20093485332282005,-0.1969971033534966
HEI_000600--000001_411209,PhD,-0.1950470069192869,-0.08692242950783946
HEI_000528--000007_410206,PhD,-0.19052344109061187,-0.0580388290321503
HEI_000477--000001_410301,Master/Other,-0.18969969989424784,-0.08868298116064406
HEI_000311--000004_AU2AC01519,Master/Other,0.4085421873509071,-0.403951610055263
HEI_000536--000005_411209,PhD,0.28753748603865065,0.7865234221477878
HEI_000406--000007_410301,Master/Other,0.04385451773327981,0.21859395565945605
HEI_000431--000010_AU2AC01037,Master/Other,-2.1069959303095747,3.5572383660254108
HEI_000384--000014_410206,Master/Other,-0.19863502839321945,-0.07493076484790195
HEI_000436--000002_AU2AC01037,Master/Other,-0.18669942919518426,-0.09804240484829688
HEI_000465--000007_411209,Master/Other,-0.21269937515865509,-0.13804628516324693
HEI_000488--000011_411209,Master/Other,-0.16883317190636346,-0.07864170788104993
HEI_000503--000011_410206,Master/Other,1.7965013157096703,0.3075913410367779
HEI_000481--000010_411209,Master/Other,2.9093951968265293,0.687375890928035
HEI_000390--000009_410206,Master/Other,-0.19876779364386857,-0.09406576434355118
HEI_000452--000009_410206,Master/Other,-0.20793870368116008,-0.06696683373895533
HEI_000397--000016_410301,Master/Other,-2.725022217260225,4.746787958640916
HEI_000558--000005_411209,Master/Other,-0.19601891057542556,-0.08909916256755851
HEI_000396--000012_410206,Master/Other,0.15369883125511885,-0.24201441462428738
IUED_000265--001629_411209,PhD,-0.19896942375282173,-0.0881560198233088
HEI_000344--000006_411210,Master/Other,-0.18066108998827035,-0.09690857008947118
HEI_000372--000005_410206,Master/Other,-0.2386411307665111,0.06422479160834883
HEI_000402--000006_410301,Master/Other,-0.22695357989091394,-0.14463789465241988
HEI_000381--000011_411209,Master/Other,1.1611429311214752,5.174829522631672
HEI_000388--000010_411209,Master/Other,0.5434460744260551,0.635737660843444
HEI_000460--000002_410206,Master/Other,-0.12885287780989083,-0.09717746091017118
HEI_000543--000002_411209,Master/Other,-0.2005027274742163,-0.09484441859555111
